source,Si/Al,Na/Al,Ca/Si,OH/Al,Fine_aggregate_to_binder,Coarse_aggregate_to_binder,Solid_type,Activator_binder,NaOH_molarity,Water_in_sodium silicate,Humidity,Superplasticiser_dosage,Curing_temperature (C),Curing_age (d),CS (MPa)
Statistical analysis of fly ash and slag blended geopolymer concrete,2.650179989,1.179648789,0.260891562,0.420560534,2.15,3.03,concrete,0.45,8,0.559,0.65,144,30,28,33.83
,2.736057715,1.310409953,0.252702855,0.466885776,2.15,3.03,concrete,0.5,8,0.559,0.65,144,30,28,36.19
,2.821269723,1.441870696,0.245070363,0.514119357,2.15,3.03,concrete,0.55,8,0.559,0.65,144,30,28,31.11
,2.90714745,1.572631859,0.237830935,0.560444599,2.15,3.03,concrete,0.6,8,0.559,0.65,144,30,28,25.71
,2.650275091,1.17954885,0.2608822,0.420430771,1.93,2.3,concrete,0.45,8,0.559,0.65,168,30,28,36.69
,2.73586751,1.310609833,0.252720424,0.467145301,1.93,2.3,concrete,0.5,8,0.559,0.65,168,30,28,38.16
,2.821459929,1.441670816,0.245053842,0.513859831,1.93,2.3,concrete,0.55,8,0.559,0.65,168,30,28,26.17
,2.907052347,1.572731799,0.237838716,0.560574362,1.93,2.3,concrete,0.6,8,0.559,0.65,168,30,28,25.11
,2.650046845,1.179788705,0.260904669,0.420742201,1.69,2.16,concrete,0.45,8,0.559,0.65,180,30,28,33.81
,2.735791428,1.310689785,0.252727452,0.467249111,1.69,2.16,concrete,0.5,8,0.559,0.65,180,30,28,38.96
,2.821536011,1.441590864,0.245047234,0.513756021,1.69,2.16,concrete,0.55,8,0.559,0.65,180,30,28,25.71
,2.907280594,1.572491944,0.237820043,0.560262931,1.69,2.16,concrete,0.6,8,0.559,0.65,180,30,28,20.76
,2.626330809,1.211855105,0.331933129,0.432042515,2.15,3.03,concrete,0.45,8,0.559,0.65,144,30,28,42.32
,2.714553136,1.34618626,0.321145382,0.479632511,2.15,3.03,concrete,0.5,8,0.559,0.65,144,30,28,47.92
,2.802091569,1.481236093,0.311112675,0.528155645,2.15,3.03,concrete,0.55,8,0.559,0.65,144,30,28,46.87
,2.890313897,1.615567247,0.301616445,0.575745641,2.15,3.03,concrete,0.6,8,0.559,0.65,144,30,28,43.38
,2.626428508,1.211752437,0.331920782,0.43190921,1.93,2.3,concrete,0.45,8,0.559,0.65,168,30,28,46.08
,2.714357738,1.346391596,0.3211685,0.479899122,1.93,2.3,concrete,0.5,8,0.559,0.65,168,30,28,51.22
,2.802286968,1.481030756,0.311090981,0.527889034,1.93,2.3,concrete,0.55,8,0.559,0.65,168,30,28,44.67
,2.890216198,1.615669916,0.301626641,0.575878946,1.93,2.3,concrete,0.6,8,0.559,0.65,168,30,28,46.57
,2.62619403,1.211998841,0.331950417,0.432229143,1.69,2.16,concrete,0.45,8,0.559,0.65,180,30,28,45.88
,2.714279579,1.346473731,0.321177748,0.480005766,1.69,2.16,concrete,0.5,8,0.559,0.65,180,30,28,50.69
,2.802365127,1.480948621,0.311082305,0.52778239,1.69,2.16,concrete,0.55,8,0.559,0.65,180,30,28,41.85
,2.890450676,1.615423512,0.301602172,0.575559014,1.69,2.16,concrete,0.6,8,0.559,0.65,180,30,28,45.68
,2.601142836,1.245869349,0.408377142,0.444169047,2.15,3.03,concrete,0.45,8,0.559,0.65,144,30,28,55.37
,2.69184138,1.383970899,0.394617337,0.493094795,2.15,3.03,concrete,0.5,8,0.559,0.65,144,30,28,59.79
,2.781836834,1.522811299,0.381851036,0.542979872,2.15,3.03,concrete,0.55,8,0.559,0.65,144,30,28,51.61
,2.872535378,1.660912848,0.369794324,0.59190562,2.15,3.03,concrete,0.6,8,0.559,0.65,144,30,28,46.68
,2.601243277,1.245763799,0.408361373,0.444032,1.93,2.3,concrete,0.45,8,0.559,0.65,168,30,28,56.86
,2.691640497,1.384181999,0.394646788,0.493368889,1.93,2.3,concrete,0.5,8,0.559,0.65,168,30,28,60.38
,2.782037717,1.522600199,0.381823464,0.542705778,1.93,2.3,concrete,0.55,8,0.559,0.65,168,30,28,46.48
,2.872434937,1.661018399,0.369807254,0.592042667,1.93,2.3,concrete,0.6,8,0.559,0.65,168,30,28,47.57
,2.601002218,1.246017119,0.40839922,0.444360913,1.69,2.16,concrete,0.45,8,0.559,0.65,180,30,28,48.91
,2.691560144,1.384266439,0.39465857,0.493478526,1.69,2.16,concrete,0.5,8,0.559,0.65,180,30,28,58.53
,2.78211807,1.522515759,0.381812436,0.54259614,1.69,2.16,concrete,0.55,8,0.559,0.65,180,30,28,48.45
,2.872675996,1.660765078,0.369776222,0.591713754,1.69,2.16,concrete,0.6,8,0.559,0.65,180,30,28,47.64
,2.650179989,1.179648789,0.260891562,0.420560534,2.15,3.03,concrete,0.45,8,0.559,0.65,144,60,28,41.53
,2.736057715,1.310409953,0.252702855,0.466885776,2.15,3.03,concrete,0.5,8,0.559,0.65,144,60,28,42.56
,2.821269723,1.441870696,0.245070363,0.514119357,2.15,3.03,concrete,0.55,8,0.559,0.65,144,60,28,33.94
,2.90714745,1.572631859,0.237830935,0.560444599,2.15,3.03,concrete,0.6,8,0.559,0.65,144,60,28,28.58
,2.650275091,1.17954885,0.2608822,0.420430771,1.93,2.3,concrete,0.45,8,0.559,0.65,168,60,28,40.41
,2.73586751,1.310609833,0.252720424,0.467145301,1.93,2.3,concrete,0.5,8,0.559,0.65,168,60,28,43.5
,2.821459929,1.441670816,0.245053842,0.513859831,1.93,2.3,concrete,0.55,8,0.559,0.65,168,60,28,31.24
,2.907052347,1.572731799,0.237838716,0.560574362,1.93,2.3,concrete,0.6,8,0.559,0.65,168,60,28,26.89
,2.650046845,1.179788705,0.260904669,0.420742201,1.69,2.16,concrete,0.45,8,0.559,0.65,180,60,28,38.63
,2.735791428,1.310689785,0.252727452,0.467249111,1.69,2.16,concrete,0.5,8,0.559,0.65,180,60,28,44.49
,2.821536011,1.441590864,0.245047234,0.513756021,1.69,2.16,concrete,0.55,8,0.559,0.65,180,60,28,35.2
,2.907280594,1.572491944,0.237820043,0.237820043,1.69,2.16,concrete,0.6,8,0.559,0.65,180,60,28,29.46
,2.626330809,1.211855105,0.331933129,0.331933129,2.15,3.03,concrete,0.45,8,0.559,0.65,144,60,28,55.57
,2.714553136,1.34618626,0.321145382,0.321145382,2.15,3.03,concrete,0.5,8,0.559,0.65,144,60,28,57.37
,2.802091569,1.481236093,0.311112675,0.311112675,2.15,3.03,concrete,0.55,8,0.559,0.65,144,60,28,53.39
,2.890313897,1.615567247,0.301616445,0.301616445,2.15,3.03,concrete,0.6,8,0.559,0.65,144,60,28,51.22
,2.626428508,1.211752437,0.331920782,0.331920782,1.93,2.3,concrete,0.45,8,0.559,0.65,168,60,28,58.8
,2.714357738,1.346391596,0.3211685,0.3211685,1.93,2.3,concrete,0.5,8,0.559,0.65,168,60,28,62.29
,2.802286968,1.481030756,0.311090981,0.311090981,1.93,2.3,concrete,0.55,8,0.559,0.65,168,60,28,58.93
,2.890216198,1.615669916,0.301626641,0.301626641,1.93,2.3,concrete,0.6,8,0.559,0.65,168,60,28,56.64
,2.62619403,1.211998841,0.331950417,0.331950417,1.69,2.16,concrete,0.45,8,0.559,0.65,180,60,28,56.56
,2.714279579,1.346473731,0.321177748,0.321177748,1.69,2.16,concrete,0.5,8,0.559,0.65,180,60,28,61.3
,2.802365127,1.480948621,0.311082305,0.311082305,1.69,2.16,concrete,0.55,8,0.559,0.65,180,60,28,54.38
,2.890450676,1.615423512,0.301602172,0.301602172,1.69,2.16,concrete,0.6,8,0.559,0.65,180,60,28,49.83
,2.601142836,1.245869349,0.408377142,0.408377142,2.15,3.03,concrete,0.45,8,0.559,0.65,144,60,28,61.96
,2.69184138,1.383970899,0.394617337,0.394617337,2.15,3.03,concrete,0.5,8,0.559,0.65,144,60,28,65.26
,2.781836834,1.522811299,0.381851036,0.381851036,2.15,3.03,concrete,0.55,8,0.559,0.65,144,60,28,53.39
,2.872535378,1.660912848,0.369794324,0.369794324,2.15,3.03,concrete,0.6,8,0.559,0.65,144,60,28,52.4
,2.601243277,1.245763799,0.408361373,0.408361373,1.93,2.3,concrete,0.45,8,0.559,0.65,168,60,28,57.54
,2.691640497,1.384181999,0.394646788,0.394646788,1.93,2.3,concrete,0.5,8,0.559,0.65,168,60,28,64.28
,2.782037717,1.522600199,0.381823464,0.381823464,1.93,2.3,concrete,0.55,8,0.559,0.65,168,60,28,50.64
,2.872434937,1.661018399,0.369807254,0.369807254,1.93,2.3,concrete,0.6,8,0.559,0.65,168,60,28,49.44
,2.601002218,1.246017119,0.40839922,0.40839922,1.69,2.16,concrete,0.45,8,0.559,0.65,180,60,28,54.97
,2.691560144,1.384266439,0.39465857,0.39465857,1.69,2.16,concrete,0.5,8,0.559,0.65,180,60,28,61.9
,2.78211807,1.522515759,0.381812436,0.381812436,1.69,2.16,concrete,0.55,8,0.559,0.65,180,60,28,54.38
,2.872675996,1.660765078,0.369776222,0.369776222,1.69,2.16,concrete,0.6,8,0.559,0.65,180,60,28,53.79
,1.634283002,1.624765061,0.42175455,0.42175455,1.994750656,2.637795276,concrete,0.564304462,6,0.61,0.6,0,20,28,37.4
,1.844886272,1.39177009,0.373609096,0.373609096,1.994750656,2.637795276,concrete,0.564304462,6,0.61,0.6,0,20,28,26.6
,1.634283002,1.624765061,0.42175455,0.42175455,1.994750656,2.637795276,concrete,0.564304462,4,0.61,0.6,0,20,28,29.9
,1.844886272,1.39177009,0.373609096,0.373609096,1.994750656,2.637795276,concrete,0.564304462,4,0.61,0.6,0,20,28,30.7
,1.619222743,1.520578534,0.195869893,0.195869893,2.010582011,2.658730159,concrete,0.568783069,4,0.61,0.6,0,20,28,15.5
,1.62775613,1.577572128,0.314272284,0.314272284,2.005277045,2.65171504,concrete,0.567282322,4,0.61,0.6,0,20,28,23
,1.634283002,1.624765061,0.42175455,0.42175455,1.994750656,2.637795276,concrete,0.564304462,4,0.61,0.6,0,20,28,30.6
,1.66838351,1.781099843,0.53378966,0.53378966,2.105263158,2.783933518,concrete,0.595567867,4,0.61,0.6,0,20,28,39.01
,1.643034481,1.677811867,0.514347783,0.514347783,2,2.644736842,concrete,0.565789474,4,0.61,0.6,0,20,28,27.8
,1.651546357,1.729148976,0.60220884,0.60220884,2.005277045,2.65171504,concrete,0.567282322,4,0.61,0.6,0,20,28,28
,3.100228597,1.241697049,0.334300397,0.334300397,1.384810127,3.232911392,concrete,0.458227848,8,0.559,0.65,7.9,32,28,28.36
,3.100228597,1.241697049,0.334300397,0.334300397,1.384810127,3.232911392,concrete,0.458227848,4,0.559,0.65,7.9,32,28,34.84
,3.100228597,1.241697049,0.334300397,0.334300397,1.384810127,3.232911392,concrete,0.458227848,4,0.559,0.65,7.9,32,28,37.24
,3.100228597,1.241697049,0.334300397,0.334300397,1.384810127,3.232911392,concrete,0.458227848,4,0.559,0.65,7.9,32,28,33.2
,2.362823096,0.833786673,0.039923728,0.039923728,1.6275,3.0225,concrete,0.4,14,0.559,0.65,0,23,28,25.6
,2.418632742,0.882279615,0.135868059,0.135868059,1.6275,3.0225,concrete,0.4,14,0.559,0.65,0,23,28,38.3
,2.449044889,0.908704699,0.18630998,0.18630998,1.6275,3.0225,concrete,0.4,14,0.559,0.65,0,23,28,46.6
,2.285426243,0.729646823,0.04127576,0.04127576,1.63975,3.04525,concrete,0.35,14,0.559,0.65,6,23,28,32.5
,2.336734496,0.772083003,0.140629985,0.140629985,1.63975,3.04525,concrete,0.35,14,0.559,0.65,6,23,28,33.3
,1.956695519,0.274119613,0.566247645,0.566247645,1.79,2.685,concrete,0.1625,14,0.59,0.9,0,21,28,31.7
,2.083988024,0.363419313,0.531660555,0.531660555,1.78,2.67,concrete,0.215,14,0.59,0.9,0,21,28,49.3
,2.218352335,0.45582927,0.499458184,0.499458184,1.77,2.655,concrete,0.27,14,0.59,0.9,0,21,28,58.2
,1.999126354,0.403831448,0.554229215,0.554229215,1.78,2.67,concrete,0.2025,14,0.59,0.9,0,21,28,44.4
,2.218352335,0.45582927,0.499458184,0.499458184,1.77,2.655,concrete,0.27,14,0.59,0.9,0,21,28,58.2
,2.083988024,0.363419313,0.531660555,0.531660555,1.78,2.67,concrete,0.215,14,0.59,0.9,0,21,28,49.3
,2.384815537,0.452769539,0.849187119,0.849187119,1.78,2.67,concrete,0.215,14,0.59,0.9,0,21,28,52.1
,2.88179072,0.600378528,1.228528301,1.228528301,1.78,2.67,concrete,0.215,14,0.59,0.9,0,21,28,63.1
,2.218352335,0.45582927,0.499458184,0.499458184,1.79,2.685,concrete,0.27,14,0.59,0.9,0,21,28,65.7
,2.218352335,0.45582927,0.499458184,0.499458184,1.77,2.655,concrete,0.27,14,0.59,0.9,0,21,28,58.2
,2.218352335,0.45582927,0.499458184,0.499458184,1.75,2.625,concrete,0.27,14,0.59,0.9,0,21,28,42.3
,2.473947561,0.836450368,0.132830195,0.132830195,1.6275,3.0225,concrete,0.4,14,0.585,0.7,0,22,28,40
,2.540065612,0.888102301,0.232998569,0.232998569,1.6275,3.0225,concrete,0.4,14,0.585,0.7,0,22,28,47
,2.360284537,0.973116805,0.139226831,0.139226831,1.6275,3.0225,concrete,0.4,14,0.585,0.7,0,22,28,43
,2.419383743,1.181070073,0.244620827,0.531004315,1.6275,3.0225,concrete,0.16,14,0.585,0.7,0,22,28,54
,2.331160747,0.828846747,0.040465981,0.295395553,1.645,3.055,concrete,0.1,14,0.585,0.7,6,22,28,25
,2.385128914,0.877052383,0.137776593,0.312575726,1.6375,3.04,concrete,0.1,14,0.585,0.7,6,22,28,27
,2.445762294,0.931211545,0.241982491,0.331877697,1.6375,3.04,concrete,0.1,14,0.585,0.7,6,22,28,35
,2.237245349,0.919834307,0.042164667,0.413553774,1.645,3.055,concrete,0.14,14,0.585,0.7,6,22,28,27
,2.285751406,0.973331771,0.1437667,0.437606017,1.6375,3.04,concrete,0.14,14,0.585,0.7,6,22,28,27
,2.340248092,1.033436314,0.252892697,0.464628776,1.6375,3.04,concrete,0.14,14,0.585,0.7,6,22,28,45
,2.439820814,1.069954607,0.155145452,0.423571884,1.61,2.9925,concrete,0.1325,10,0.5393,0.6,4,22,28,21.9
,2.474176643,1.098045775,0.194839055,0.43469257,1.615,3,concrete,0.1325,10,0.5393,0.6,4,22,28,28
,2.510385104,1.127651756,0.235497217,0.446412937,1.62,3.0075,concrete,0.1325,10,0.5393,0.6,4,22,28,41.5
,2.548600205,1.158898474,0.277155531,0.458782837,1.625,3.0175,concrete,0.1325,10,0.5393,0.6,4,22,28,46
,2.58899351,1.191926207,0.319851359,0.471857802,1.63,3.025,concrete,0.1325,10,0.5393,0.6,4,22,28,56.5
,2.474176643,1.098045775,0.194839055,0.43469257,1.615,3,concrete,0.1325,12,0.5393,0.6,4,22,28,35
,2.510385104,1.127651756,0.235497217,0.446412937,1.62,3.0075,concrete,0.1325,12,0.5393,0.6,4,22,28,45
,2.548600205,1.158898474,0.277155531,0.458782837,1.645,3.055,concrete,0.1325,12,0.5393,0.6,4,22,28,57
,2.390031209,0.964737393,0.201698721,0.38548209,1.6275,3.0225,concrete,0.1175,10,0.5393,0.6,4,22,28,30
,2.423970905,0.990749056,0.243892658,0.395875624,1.6525,3.0675,concrete,0.1175,10,0.5393,0.6,4,22,28,40
,2.459791509,1.018202262,0.287161998,0.406845157,1.6775,3.115,concrete,0.1175,10,0.5393,0.6,4,22,28,48
,2.408062373,1.167518945,0.200188435,0.524911782,1.5925,2.96,concrete,0.16,10,0.5393,0.6,4,22,28,28.5
,2.593004554,1.112238186,0.272409334,0.398188877,1.6475,3.0575,concrete,0.115,10,0.5393,0.6,4,22,28,45
,3.824904846,2.148810986,0.914252195,0.795396569,2.025,2.475,concrete,0.14275,12,0.4901,0.6,8,25,28,89.6
,3.824904846,2.148810986,0.914252195,0.795396569,2.025,2.475,concrete,0.14275,12,0.4901,0.6,12,25,28,89.2
,3.824904846,2.148810986,0.914252195,0.795396569,2.025,2.475,concrete,0.14275,12,0.4901,0.6,16,25,28,88.7
,3.824904846,2.148810986,0.914252195,0.795396569,2.025,2.475,concrete,0.14275,12,0.4901,0.6,20,25,28,86.11
,3.824904846,2.148810986,0.914252195,0.795396569,2.025,2.475,concrete,0.14275,12,0.4901,0.6,24,25,28,84.1
"Fresh, Mechanical, and Durability Behavior of Fly Ash-Based Self Compacted Geopolymer Concrete: Effect of Slag Content and Various Curing Conditions",2.567965938,0.854701937,0.091457745,0.364785823,1.777777778,1.833333333,concrete,0.282422222,12,0.55,0.6,7,23,7,6.9
,2.788248116,1.01330642,0.369942338,0.432478038,1.777777778,1.833333333,concrete,0.282422222,12,0.55,0.6,7,23,7,26.4
,2.986934001,1.156361444,0.585891966,0.493533761,1.777777778,1.833333333,concrete,0.282422222,12,0.55,0.6,7,23,7,40.55
,3.862958133,1.787104049,1.273139088,0.762733994,1.777777778,1.833333333,concrete,0.282422222,12,0.55,0.6,7,23,7,61.45
,2.567965938,0.854701937,0.091457745,0.364785823,1.777777778,1.833333333,concrete,0.282422222,12,0.55,0.6,7,23,14,6.9
,2.788248116,1.01330642,0.369942338,0.432478038,1.777777778,1.833333333,concrete,0.282422222,12,0.55,0.6,7,23,14,26.4
,2.986934001,1.156361444,0.585891966,0.493533761,1.777777778,1.833333333,concrete,0.282422222,12,0.55,0.6,7,23,14,40.55
,3.862958133,1.787104049,1.273139088,0.762733994,1.777777778,1.833333333,concrete,0.282422222,12,0.55,0.6,7,23,14,62.1
,2.567965938,0.854701937,0.091457745,0.364785823,1.777777778,1.833333333,concrete,0.282422222,12,0.55,0.6,7,23,28,18.07
,2.788248116,1.01330642,0.369942338,0.432478038,1.777777778,1.833333333,concrete,0.282422222,12,0.55,0.6,7,23,28,36.59
,2.986934001,1.156361444,0.585891966,0.493533761,1.777777778,1.833333333,concrete,0.282422222,12,0.55,0.6,7,23,28,44.76
,3.862958133,1.787104049,1.273139088,0.762733994,1.777777778,1.833333333,concrete,0.282422222,12,0.55,0.6,7,23,28,64.17
,2.567965938,0.854701937,0.091457745,0.364785823,1.777777778,1.833333333,concrete,0.282422222,12,0.55,0.6,7,40,3,22.55
,2.788248116,1.01330642,0.369942338,0.432478038,1.777777778,1.833333333,concrete,0.282422222,12,0.55,0.6,7,40,3,44.65
,2.986934001,1.156361444,0.585891966,0.493533761,1.777777778,1.833333333,concrete,0.282422222,12,0.55,0.6,7,40,3,55
,3.862958133,1.787104049,1.273139088,0.762733994,1.777777778,1.833333333,concrete,0.282422222,12,0.55,0.6,7,40,3,61.5
,2.567965938,0.854701937,0.091457745,0.364785823,1.777777778,1.833333333,concrete,0.282422222,12,0.55,0.6,7,40,7,28.25
,2.788248116,1.01330642,0.369942338,0.432478038,1.777777778,1.833333333,concrete,0.282422222,12,0.55,0.6,7,40,7,51.6
,2.986934001,1.156361444,0.585891966,0.493533761,1.777777778,1.833333333,concrete,0.282422222,12,0.55,0.6,7,40,7,59.3
,3.862958133,1.787104049,1.273139088,0.762733994,1.777777778,1.833333333,concrete,0.282422222,12,0.55,0.6,7,40,7,68.03
,2.567965938,0.854701937,0.091457745,0.364785823,1.777777778,1.833333333,concrete,0.282422222,12,0.55,0.6,7,40,14,31.89
,2.788248116,1.01330642,0.369942338,0.432478038,1.777777778,1.833333333,concrete,0.282422222,12,0.55,0.6,7,40,14,48.13
,2.986934001,1.156361444,0.585891966,0.493533761,1.777777778,1.833333333,concrete,0.282422222,12,0.55,0.6,7,40,14,51.69
,3.862958133,1.787104049,1.273139088,0.762733994,1.777777778,1.833333333,concrete,0.282422222,12,0.55,0.6,7,40,14,62.65
,2.567965938,0.854701937,0.091457745,0.364785823,1.777777778,1.833333333,concrete,0.282422222,12,0.55,0.6,7,40,28,38.21
,2.788248116,1.01330642,0.369942338,0.432478038,1.777777778,1.833333333,concrete,0.282422222,12,0.55,0.6,7,40,28,45.82
,2.986934001,1.156361444,0.585891966,0.493533761,1.777777778,1.833333333,concrete,0.282422222,12,0.55,0.6,7,40,28,48.6
,3.862958133,1.787104049,1.273139088,0.762733994,1.777777778,1.833333333,concrete,0.282422222,12,0.55,0.6,7,40,28,57.5
,2.567965938,0.854701937,0.091457745,0.364785823,1.777777778,1.833333333,concrete,0.282422222,12,0.55,0.6,7,85,0.167,55.4
,2.986934001,1.156361444,0.585891966,0.493533761,1.777777778,1.833333333,concrete,0.282422222,12,0.55,0.6,7,85,0.167,11.5
,2.567965938,0.854701937,0.091457745,0.364785823,1.777777778,1.833333333,concrete,0.282422222,12,0.55,0.6,7,85,0.333,10.35
,2.986934001,1.156361444,0.585891966,0.493533761,1.777777778,1.833333333,concrete,0.282422222,12,0.55,0.6,7,85,0.333,26.37
,2.567965938,0.854701937,0.091457745,0.364785823,1.777777778,1.833333333,concrete,0.282422222,12,0.55,0.6,7,85,0.5,17.1
,2.986934001,1.156361444,0.585891966,0.493533761,1.777777778,1.833333333,concrete,0.282422222,12,0.55,0.6,7,85,0.5,45.25
,2.567965938,0.854701937,0.091457745,0.364785823,1.777777778,1.833333333,concrete,0.282422222,12,0.55,0.6,7,85,0.583,21.33
,2.986934001,1.156361444,0.585891966,0.493533761,1.777777778,1.833333333,concrete,0.282422222,12,0.55,0.6,7,85,0.583,54.87
,2.567965938,0.854701937,0.091457745,0.364785823,1.777777778,1.833333333,concrete,0.282422222,12,0.55,0.6,7,85,1,33.62
,2.986934001,1.156361444,0.585891966,0.493533761,1.777777778,1.833333333,concrete,0.282422222,12,0.55,0.6,7,85,1,72.78
,2.567965938,0.854701937,0.091457745,0.364785823,1.777777778,1.833333333,concrete,0.282422222,12,0.55,0.6,7,85,2,39.21
,2.986934001,1.156361444,0.585891966,0.493533761,1.777777778,1.833333333,concrete,0.282422222,12,0.55,0.6,7,85,2,66.83
Flexural strength and elastic modulus of ambient-cured blended low-calcium fly ash geopolymer concrete,1.744189506,0.864267358,0.054083977,0.337489419,1.6275,3.0225,concrete,0.4,14,0.585,0.7,0,20,28,25.6
,1.820272706,0.914533054,0.180530607,0.357117767,1.6275,3.0225,concrete,0.4,14,0.585,0.7,0,20,28,38.3
,1.861732448,0.941924157,0.245084359,0.367813772,1.6275,3.0225,concrete,0.4,14,0.585,0.7,6,20,28,46.6
,1.744189506,0.756314089,0.054083977,0.295395553,1.63975,3.045,concrete,0.35,14,0.585,0.7,6,20,28,32.5
,1.820272706,0.800301234,0.180530607,0.312575726,1.63975,3.045,concrete,0.35,14,0.585,0.7,0,20,28,33.3
,1.744189506,0.864267358,0.054083977,0.337489419,1.6275,3.0225,concrete,0.4,14,0.585,0.7,0,20,90,33.4
,1.820272706,0.914533054,0.180530607,0.357117767,1.6275,3.0225,concrete,0.4,14,0.585,0.7,0,20,90,45.5
,1.861732448,0.941924157,0.245084359,0.367813772,1.6275,3.0225,concrete,0.4,14,0.585,0.7,6,20,90,53.3
,1.744189506,0.756314089,0.054083977,0.295395553,1.63975,3.045,concrete,0.35,14,0.585,0.7,6,20,90,41.1
,1.820272706,0.800301234,0.180530607,0.312575726,1.63975,3.045,concrete,0.35,14,0.585,0.7,0,20,90,43
Influence of alkaline activators on the mechanical properties of fly ash based geopolymer concrete cured at ambient temperature,6.994728089,3.107064122,0.141022433,1.396462755,1.406091371,3.284263959,concrete,0.4,8,0.54,0.6,0,23,28,10.9
,6.994728089,2.927810735,0.141022433,1.163718963,1.406091371,3.284263959,concrete,0.4,8,0.54,0.6,0,23,28,9.2
,6.994728089,2.799772601,0.141022433,0.997473397,1.406091371,3.284263959,concrete,0.4,8,0.54,0.6,0,23,28,8
,7.003910308,3.884683739,0.140837551,1.746686748,1.505434783,3.516304348,concrete,0.5,8,0.54,0.6,0,23,28,7.6
,7.003910308,3.658485353,0.140837551,1.454781218,1.505434783,3.516304348,concrete,0.499728261,8,0.54,0.6,0,23,28,8.5
,7.003910308,3.497639767,0.140837551,1.245938237,1.505434783,3.516304348,concrete,0.499728261,8,0.54,0.6,0,23,28,8.5
,7.013186703,4.661620487,0.140651264,2.096024097,1.605797101,3.750724638,concrete,0.6,8,0.54,0.6,0,23,28,7.6
,7.013186703,4.392569689,0.140651264,1.746686748,1.605797101,3.750724638,concrete,0.6,8,0.54,0.6,0,23,28,8
,7.013186703,4.198082853,0.140651264,1.496075171,1.605797101,3.750724638,concrete,0.599710145,8,0.54,0.6,0,23,28,8
,7.027219016,3.107064122,0.140370404,1.396462755,1.406091371,3.284263959,concrete,0.4,10,0.54,0.6,0,23,28,14.4
,7.027219016,2.927810735,0.140370404,1.163718963,1.406091371,3.284263959,concrete,0.4,10,0.54,0.6,0,23,28,13.9
,7.027219016,2.799772601,0.140370404,0.997473397,1.406091371,3.284263959,concrete,0.4,10,0.54,0.6,0,23,28,13.1
,7.03869679,3.884683739,0.140141507,1.746686748,1.505434783,3.516304348,concrete,0.5,10,0.54,0.6,0,23,28,14.2
,7.03869679,3.658485353,0.140141507,1.454781218,1.505434783,3.516304348,concrete,0.499728261,10,0.54,0.6,0,23,28,12.9
,7.03869679,3.497639767,0.140141507,1.245938237,1.505434783,3.516304348,concrete,0.499728261,10,0.54,0.6,0,23,28,12.9
,7.050292284,4.661620487,0.139911018,2.096024097,1.605797101,3.750724638,concrete,0.6,10,0.54,0.6,0,23,28,13
,7.050292284,4.392569689,0.139911018,1.746686748,1.605797101,3.750724638,concrete,0.6,10,0.54,0.6,0,23,28,11.7
,7.050292284,4.198082853,0.139911018,1.496075171,1.605797101,3.750724638,concrete,0.599710145,10,0.54,0.6,0,23,28,11.8
,7.059709944,3.107064122,0.139724377,1.396462755,1.406091371,3.284263959,concrete,0.4,12,0.54,0.6,0,23,28,15
,7.059709944,2.927810735,0.139724377,1.163718963,1.406091371,3.284263959,concrete,0.4,12,0.54,0.6,0,23,28,14.5
,7.059709944,2.799772601,0.139724377,0.997473397,1.406091371,3.284263959,concrete,0.4,12,0.54,0.6,0,23,28,13
,7.073483272,3.884683739,0.139452309,1.746686748,1.505434783,3.516304348,concrete,0.5,12,0.54,0.6,0,23,28,17
,7.073483272,3.658485353,0.139452309,1.454781218,1.505434783,3.516304348,concrete,0.499728261,12,0.54,0.6,0,23,28,15
,7.073483272,3.497639767,0.139452309,1.245938237,1.505434783,3.516304348,concrete,0.499728261,12,0.54,0.6,0,23,28,12.9
,7.087397865,4.661620487,0.139178524,2.096024097,1.605797101,3.750724638,concrete,0.6,12,0.54,0.6,0,23,28,12.5
,7.087397865,4.392569689,0.139178524,1.746686748,1.605797101,3.750724638,concrete,0.6,12,0.54,0.6,0,23,28,13
,7.087397865,4.198082853,0.139178524,1.496075171,1.605797101,3.750724638,concrete,0.599710145,12,0.54,0.6,0,23,28,12.7
,7.092200871,3.107064122,0.139084269,1.396462755,1.406091371,3.284263959,concrete,0.4,14,0.54,0.6,0,23,28,18.1
,7.092200871,2.927810735,0.139084269,1.163718963,1.406091371,3.284263959,concrete,0.4,14,0.54,0.6,0,23,28,18
,7.092200871,2.799772601,0.139084269,0.997473397,1.406091371,3.284263959,concrete,0.4,14,0.54,0.6,0,23,28,17.5
,7.108269754,3.884683739,0.138769856,1.746686748,1.505434783,3.516304348,concrete,0.5,14,0.54,0.6,0,23,28,18.7
,7.108269754,3.658485353,0.138769856,1.454781218,1.505434783,3.516304348,concrete,0.499728261,14,0.54,0.6,0,23,28,20.9
,7.108269754,3.497639767,0.138769856,1.245938237,1.505434783,3.516304348,concrete,0.499728261,14,0.54,0.6,0,23,28,17.1
,7.124503446,4.661620487,0.138453659,2.096024097,1.605797101,3.750724638,concrete,0.6,14,0.54,0.6,0,23,28,21.5
,7.124503446,4.392569689,0.138453659,1.746686748,1.605797101,3.750724638,concrete,0.6,14,0.54,0.6,0,23,28,16
,7.124503446,4.198082853,0.138453659,1.496075171,1.605797101,3.750724638,concrete,0.599710145,14,0.54,0.6,0,23,28,12.7
,7.124691799,3.107064122,0.138449999,1.396462755,1.406091371,3.284263959,concrete,0.4,16,0.54,0.6,0,23,28,16.8
,7.124691799,2.927810735,0.138449999,1.163718963,1.406091371,3.284263959,concrete,0.4,16,0.54,0.6,0,23,28,17.6
,7.124691799,2.799772601,0.138449999,0.997473397,1.406091371,3.284263959,concrete,0.4,16,0.54,0.6,0,23,28,17
,7.143056236,3.884683739,0.138094051,1.746686748,1.505434783,3.516304348,concrete,0.5,16,0.54,0.6,0,23,28,21.5
,7.143056236,3.658485353,0.138094051,1.454781218,1.505434783,3.516304348,concrete,0.499728261,16,0.54,0.6,0,23,28,17.9
,7.143056236,3.497639767,0.138094051,1.245938237,1.505434783,3.516304348,concrete,0.499728261,16,0.54,0.6,0,23,28,15.8
,7.161609026,4.661620487,0.137736306,2.096024097,1.605797101,3.750724638,concrete,0.6,16,0.54,0.6,0,23,28,17
,7.161609026,4.392569689,0.137736306,1.746686748,1.605797101,3.750724638,concrete,0.6,16,0.54,0.6,0,23,28,15.5
,7.161609026,4.198082853,0.137736306,1.496075171,1.605797101,3.750724638,concrete,0.599710145,16,0.54,0.6,0,23,28,14.6
Evolution of Mechanical Properties with Time of Fly-Ash-Based Geopolymer Mortars under the Effect of Granulated Ground Blast Furnace Slag Addition,2.069670145,0.407309027,0.179002366,0,1.500067376,0,mortar,0.199110632,0,0.668,0.75,0,25,1,4.2
,2.349312086,0.483214523,0.401449837,0,1.499933941,0,mortar,0.199075175,0,0.668,0.75,0,25,1,11
,2.757113831,0.594013792,0.644877396,0,1.5,0,mortar,0.199085729,0,0.668,0.75,0,25,1,16.7
,2.069670145,0.407309027,0.179002366,0,1.500067376,0,mortar,0.199110632,0,0.668,0.75,0,25,3,8.2
,2.349312086,0.483214523,0.401449837,0,1.499933941,0,mortar,0.199075175,0,0.668,0.75,0,25,3,13.7
,2.757113831,0.594013792,0.644877396,0,1.5,0,mortar,0.199085729,0,0.668,0.75,0,25,3,27.6
,2.069670145,0.407309027,0.179002366,0,1.500067376,0,mortar,0.199110632,0,0.668,0.75,0,25,7,9.5
,2.349312086,0.483214523,0.401449837,0,1.499933941,0,mortar,0.199075175,0,0.668,0.75,0,25,7,33
,2.757113831,0.594013792,0.644877396,0,1.5,0,mortar,0.199085729,0,0.668,0.75,0,25,7,53.2
,2.069670145,0.407309027,0.179002366,0,1.500067376,0,mortar,0.199110632,0,0.668,0.75,0,25,14,14.2
,2.349312086,0.483214523,0.401449837,0,1.499933941,0,mortar,0.199075175,0,0.668,0.75,0,25,14,38.5
,2.757113831,0.594013792,0.644877396,0,1.5,0,mortar,0.199085729,0,0.668,0.75,0,25,14,60
,2.069670145,0.407309027,0.179002366,0,1.500067376,0,mortar,0.199110632,0,0.668,0.75,0,25,28,22.7
,2.349312086,0.483214523,0.401449837,0,1.499933941,0,mortar,0.199075175,0,0.668,0.75,0,25,28,42
,2.757113831,0.594013792,0.644877396,0,1.5,0,mortar,0.199085729,0,0.668,0.75,0,25,28,61
Comparison of long term performance between alkali activated slag and fly ash geopolymer concretes,2.781373064,0.698973515,1.230927589,0.231785005,1.889156627,2.503614458,concrete,0.158168675,10,0.559,0.6,0,23,28,39.5
,3.562403276,1.256992483,0.003282105,0.416709738,1.677261614,2.222493888,concrete,0.462762836,10,0.559,0.6,0,23,28,22.4
,2.781373064,0.698973515,1.230927589,0.231785005,1.889156627,2.503614458,concrete,0.158168675,10,0.559,0.6,0,23,56,41.6
,3.562403276,1.256992483,0.003282105,0.416709738,1.677261614,2.222493888,concrete,0.462762836,10,0.559,0.6,0,23,56,25.1
,2.781373064,0.698973515,1.230927589,0.231785005,1.889156627,2.503614458,concrete,0.158168675,10,0.559,0.6,0,23,90,41.3
,3.562403276,1.256992483,0.003282105,0.416709738,1.677261614,2.222493888,concrete,0.462762836,10,0.559,0.6,0,23,90,27
,2.781373064,0.698973515,1.230927589,0.231785005,1.889156627,2.503614458,concrete,0.158168675,10,0.559,0.6,0,23,180,40.2
,3.562403276,1.256992483,0.003282105,0.416709738,1.677261614,2.222493888,concrete,0.462762836,10,0.559,0.6,0,23,180,31.1
,2.781373064,0.698973515,1.230927589,0.231785005,1.889156627,2.503614458,concrete,0.158168675,10,0.559,0.6,0,23,360,40.4
,3.562403276,1.256992483,0.003282105,0.416709738,1.677261614,2.222493888,concrete,0.462762836,10,0.559,0.6,0,23,360,31.2
,2.781373064,0.698973515,1.230927589,0.231785005,1.889156627,2.503614458,concrete,0.158168675,10,0.559,0.6,0,23,540,40.4
,3.562403276,1.256992483,0.003282105,0.416709738,1.677261614,2.222493888,concrete,0.462762836,10,0.559,0.6,0,23,540,33.2
Influence of mixture design parameters on the static and dynamic compressive properties of slag-based geopolymer concrete,2.415202212,2.003836322,1.468227332,0,1.907563025,3.112044818,concrete,0.277310924,14,0.567,0.95,0,20,28,69.4
,2.415202212,2.003836322,1.468227332,0,1.907563025,3.112044818,concrete,0.277310924,14,0.567,0.95,0,20,28,67.2
,2.415202212,2.003836322,1.468227332,0,1.893557423,3.092436975,concrete,0.277310924,14,0.567,0.95,0,20,28,56.7
,2.282113442,1.328013392,1.553851722,0,1.840540541,3.002702703,concrete,0.183783784,14,0.567,0.95,0,20,28,53.3
,2.544417412,2.659989313,1.393665161,0,1.973913043,3.220289855,concrete,0.368115942,14,0.567,0.95,0,20,28,65.8
,2.336664926,2.196431959,1.252703168,0,2.324232082,3.791808874,concrete,0.337883959,14,0.567,0.95,0,20,28,56.7
,2.241425344,2.429986348,0.971081039,0,2.973799127,4.851528384,concrete,0.43231441,14,0.567,0.95,0,20,28,49.4
Effect of sea sand and recycled aggregate replacement on fly ash/slag-based geopolymer concrete,2.299191142,0.983509936,0.222296675,0.407933885,0.810469314,1.889891697,concrete,0.442238267,8,0.65,0.6,0,20,3,10.28
,2.668226679,1.407235174,0.259206688,0.583683896,1.228287841,2.861042184,concrete,0.607940447,12,0.65,0.6,0,20,3,15.38
,3.085936283,1.887129332,0.28604753,0.782731288,1.667731629,3.881789137,concrete,0.782747604,16,0.65,0.6,0,20,3,15.41
,2.926599503,1.706674347,0.234937062,0.707883338,1.554216867,3.620481928,concrete,0.737951807,8,0.65,0.6,0,20,3,8.29
,2.406296159,1.09971433,0.36641844,0.456132391,0.845437616,1.970204842,concrete,0.456238361,12,0.65,0.6,0,20,3,14.25
,2.653299681,1.39376604,0.192928729,0.578097256,1.273657289,2.966751918,concrete,0.626598465,16,0.65,0.6,0,20,3,18.54
,2.682742737,1.419979136,0.329158532,0.588969754,1.180288462,2.75,concrete,0.588942308,8,0.65,0.6,0,20,3,19.32
,2.910860756,1.692191657,0.175643787,0.701876301,1.611801242,3.754658385,concrete,0.760869565,12,0.65,0.6,0,20,3,12.29
,2.392571337,1.087912745,0.288008547,0.451237406,0.880998081,2.053742802,concrete,0.47024952,16,0.65,0.6,0,20,3,9.47
,2.299191142,0.983509936,0.222296675,0.407933885,0.810469314,1.889891697,concrete,0.442238267,8,0.65,0.6,0,20,28,21.05
,2.668226679,1.407235174,0.259206688,0.583683896,1.228287841,2.861042184,concrete,0.607940447,12,0.65,0.6,0,20,28,29.03
,3.085936283,1.887129332,0.28604753,0.782731288,1.667731629,3.881789137,concrete,0.782747604,16,0.65,0.6,0,20,28,29.89
,2.926599503,1.706674347,0.234937062,0.707883338,1.554216867,3.620481928,concrete,0.737951807,8,0.65,0.6,0,20,28,19.09
,2.406296159,1.09971433,0.36641844,0.456132391,0.845437616,1.970204842,concrete,0.456238361,12,0.65,0.6,0,20,28,27.75
,2.653299681,1.39376604,0.192928729,0.578097256,1.273657289,2.966751918,concrete,0.626598465,16,0.65,0.6,0,20,28,33.14
,2.682742737,1.419979136,0.329158532,0.588969754,1.180288462,2.75,concrete,0.588942308,8,0.65,0.6,0,20,28,35.92
,2.910860756,1.692191657,0.175643787,0.701876301,1.611801242,3.754658385,concrete,0.760869565,12,0.65,0.6,0,20,28,24.4
,2.392571337,1.087912745,0.288008547,0.451237406,0.880998081,2.053742802,concrete,0.47024952,16,0.65,0.6,0,20,28,19.65
A Comprehensive Study on the Factors Affecting the Workability and Mechanical Properties of Ambient Cured Fly Ash and Slag Based Geopolymer Concrete,2.059515852,0.893216641,0.188731349,0.353021047,1.6,3.0025,concrete,0.4,10,0.5499,0.7,6,25,3,5
,2.124834675,0.949011213,0.284593123,0.375072426,1.6075,3.015,concrete,0.4,10,0.5499,0.7,6,25,3,11
,2.198857437,1.012240587,0.386344541,0.40006222,1.615,3.03,concrete,0.4,10,0.5499,0.7,6,25,3,15
,2.381043614,1.16786188,0.60982955,0.461567558,1.63,3.05,concrete,0.4,10,0.5499,0.7,6,25,3,20
,2.124834675,0.949011213,0.284593123,0.375072426,1.6075,3.015,concrete,0.4,12,0.5499,0.7,6,25,3,15
,2.198857437,1.012240587,0.386344541,0.40006222,1.615,3.03,concrete,0.4,12,0.5499,0.7,6,25,3,20
,2.124834675,0.949011213,0.284593123,0.375072426,1.61,3.02,concrete,0.4,14,0.5499,0.7,6,25,3,18
,2.198857437,1.012240587,0.386344541,0.40006222,1.6175,3.035,concrete,0.4,14,0.5499,0.7,6,25,3,24
,2.059515852,0.893216641,0.188731349,0.353021047,1.61,3.0125,concrete,0.4,10,0.5499,0.7,6,25,3,9
,2.124834675,0.949011213,0.284593123,0.375072426,1.615,3.03,concrete,0.4,10,0.5499,0.7,6,25,3,14
,2.198857437,1.012240587,0.386344541,0.40006222,1.6225,3.04,concrete,0.4,10,0.5499,0.7,6,25,3,19
,2.381043614,1.16786188,0.60982955,0.461567558,1.6375,3.0625,concrete,0.4,10,0.5499,0.7,6,25,3,24
,2.161072296,0.910967206,0.279820965,0.325534558,1.61,3.02,concrete,0.4,10,0.5499,0.7,6,25,3,13
,2.237509448,0.971661838,0.379670605,0.347223813,1.62,3.0375,concrete,0.4,10,0.5499,0.7,6,25,3,18
,2.192133115,0.878358058,0.27585612,0.283073529,1.6125,3.0225,concrete,0.4,10,0.5499,0.7,6,25,3,10
,2.270639742,0.936880054,0.374130933,0.301933751,1.625,3.045,concrete,0.4,10,0.5499,0.7,6,25,3,14
,2.059515852,0.893216641,0.188731349,0.353021047,1.61,3.015,concrete,0.4,10,0.5499,0.7,6,25,3,5
,2.124834675,0.949011213,0.284593123,0.375072426,1.615,3.025,concrete,0.4,10,0.5499,0.7,6,25,3,11
,2.198857437,1.012240587,0.386344541,0.40006222,1.6225,3.04,concrete,0.4,10,0.5499,0.7,6,25,3,17
,2.381043614,1.16786188,0.60982955,0.461567558,1.6375,3.0625,concrete,0.4,10,0.5499,0.7,6,25,3,22
,2.059515852,0.893216641,0.188731349,0.353021047,1.6,3.0025,concrete,0.4,10,0.5499,0.7,6,25,7,12
,2.124834675,0.949011213,0.284593123,0.375072426,1.6075,3.015,concrete,0.4,10,0.5499,0.7,6,25,7,22
,2.198857437,1.012240587,0.386344541,0.40006222,1.615,3.03,concrete,0.4,10,0.5499,0.7,6,25,7,32
,2.381043614,1.16786188,0.60982955,0.461567558,1.63,3.05,concrete,0.4,10,0.5499,0.7,6,25,7,42
,2.124834675,0.949011213,0.284593123,0.375072426,1.6075,3.015,concrete,0.4,12,0.5499,0.7,6,25,7,29
,2.198857437,1.012240587,0.386344541,0.40006222,1.615,3.03,concrete,0.4,12,0.5499,0.7,6,25,7,38
,2.124834675,0.949011213,0.284593123,0.375072426,1.61,3.02,concrete,0.4,14,0.5499,0.7,6,25,7,33
,2.198857437,1.012240587,0.386344541,0.40006222,1.6175,3.035,concrete,0.4,14,0.5499,0.7,6,25,7,43
,2.059515852,0.893216641,0.188731349,0.353021047,1.61,3.0125,concrete,0.4,10,0.5499,0.7,6,25,7,17
,2.124834675,0.949011213,0.284593123,0.375072426,1.615,3.03,concrete,0.4,10,0.5499,0.7,6,25,7,27
,2.198857437,1.012240587,0.386344541,0.40006222,1.6225,3.04,concrete,0.4,10,0.5499,0.7,6,25,7,38
,2.381043614,1.16786188,0.60982955,0.461567558,1.6375,3.0625,concrete,0.4,10,0.5499,0.7,6,25,7,46
,2.161072296,0.910967206,0.279820965,0.325534558,1.61,3.02,concrete,0.4,10,0.5499,0.7,6,25,7,26
,2.237509448,0.971661838,0.379670605,0.347223813,1.62,3.0375,concrete,0.4,10,0.5499,0.7,6,25,7,38
,2.192133115,0.878358058,0.27585612,0.283073529,1.6125,3.0225,concrete,0.4,10,0.5499,0.7,6,25,7,21
,2.270639742,0.936880054,0.374130933,0.301933751,1.625,3.045,concrete,0.4,10,0.5499,0.7,6,25,7,30
,2.059515852,0.893216641,0.188731349,0.353021047,1.61,3.015,concrete,0.4,10,0.5499,0.7,6,25,7,10
,2.124834675,0.949011213,0.284593123,0.375072426,1.615,3.025,concrete,0.4,10,0.5499,0.7,6,25,7,21
,2.198857437,1.012240587,0.386344541,0.40006222,1.6225,3.04,concrete,0.4,10,0.5499,0.7,6,25,7,32
,2.381043614,1.16786188,0.60982955,0.461567558,1.6375,3.0625,concrete,0.4,10,0.5499,0.7,6,25,7,41
,2.059515852,0.893216641,0.188731349,0.353021047,1.6,3.0025,concrete,0.4,10,0.5499,0.7,6,25,14,16
,2.124834675,0.949011213,0.284593123,0.375072426,1.6075,3.015,concrete,0.4,10,0.5499,0.7,6,25,14,32
,2.198857437,1.012240587,0.386344541,0.40006222,1.615,3.03,concrete,0.4,10,0.5499,0.7,6,25,14,45
,2.381043614,1.16786188,0.60982955,0.461567558,1.63,3.05,concrete,0.4,10,0.5499,0.7,6,25,14,55
,2.124834675,0.949011213,0.284593123,0.375072426,1.6075,3.015,concrete,0.4,12,0.5499,0.7,6,25,14,40
,2.198857437,1.012240587,0.386344541,0.40006222,1.615,3.03,concrete,0.4,12,0.5499,0.7,6,25,14,54
,2.124834675,0.949011213,0.284593123,0.375072426,1.61,3.02,concrete,0.4,14,0.5499,0.7,6,25,14,44
,2.198857437,1.012240587,0.386344541,0.40006222,1.6175,3.035,concrete,0.4,14,0.5499,0.7,6,25,14,57
,2.059515852,0.893216641,0.188731349,0.353021047,1.61,3.0125,concrete,0.4,10,0.5499,0.7,6,25,14,22
,2.124834675,0.949011213,0.284593123,0.375072426,1.615,3.03,concrete,0.4,10,0.5499,0.7,6,25,14,38
,2.198857437,1.012240587,0.386344541,0.40006222,1.6225,3.04,concrete,0.4,10,0.5499,0.7,6,25,14,51
,2.381043614,1.16786188,0.60982955,0.461567558,1.6375,3.0625,concrete,0.4,10,0.5499,0.7,6,25,14,60
,2.161072296,0.910967206,0.279820965,0.325534558,1.61,3.02,concrete,0.4,10,0.5499,0.7,6,25,14,37
,2.237509448,0.971661838,0.379670605,0.347223813,1.62,3.0375,concrete,0.4,10,0.5499,0.7,6,25,14,52
,2.192133115,0.878358058,0.27585612,0.283073529,1.6125,3.0225,concrete,0.4,10,0.5499,0.7,6,25,14,30
,2.270639742,0.936880054,0.374130933,0.301933751,1.625,3.045,concrete,0.4,10,0.5499,0.7,6,25,14,42
,2.059515852,0.893216641,0.188731349,0.353021047,1.61,3.015,concrete,0.4,10,0.5499,0.7,6,25,14,14
,2.124834675,0.949011213,0.284593123,0.375072426,1.615,3.025,concrete,0.4,10,0.5499,0.7,6,25,14,30
,2.198857437,1.012240587,0.386344541,0.40006222,1.6225,3.04,concrete,0.4,10,0.5499,0.7,6,25,14,43
,2.381043614,1.16786188,0.60982955,0.461567558,1.6375,3.0625,concrete,0.4,10,0.5499,0.7,6,25,14,54
,2.059515852,0.893216641,0.188731349,0.353021047,1.6,3.0025,concrete,0.4,10,0.5499,0.7,6,25,28,20
,2.124834675,0.949011213,0.284593123,0.375072426,1.6075,3.015,concrete,0.4,10,0.5499,0.7,6,25,28,40
,2.198857437,1.012240587,0.386344541,0.40006222,1.615,3.03,concrete,0.4,10,0.5499,0.7,6,25,28,54
,2.381043614,1.16786188,0.60982955,0.461567558,1.63,3.05,concrete,0.4,10,0.5499,0.7,6,25,28,61
,2.124834675,0.949011213,0.284593123,0.375072426,1.6075,3.015,concrete,0.4,12,0.5499,0.7,6,25,28,48
,2.198857437,1.012240587,0.386344541,0.40006222,1.615,3.03,concrete,0.4,12,0.5499,0.7,6,25,28,63
,2.124834675,0.949011213,0.284593123,0.375072426,1.61,3.02,concrete,0.4,14,0.5499,0.7,6,25,28,53
,2.198857437,1.012240587,0.386344541,0.40006222,1.6175,3.035,concrete,0.4,14,0.5499,0.7,6,25,28,61
,2.059515852,0.893216641,0.188731349,0.353021047,1.61,3.0125,concrete,0.4,10,0.5499,0.7,6,25,28,26
,2.124834675,0.949011213,0.284593123,0.375072426,1.615,3.03,concrete,0.4,10,0.5499,0.7,6,25,28,46
,2.198857437,1.012240587,0.386344541,0.40006222,1.6225,3.04,concrete,0.4,10,0.5499,0.7,6,25,28,59
,2.381043614,1.16786188,0.60982955,0.461567558,1.6375,3.0625,concrete,0.4,10,0.5499,0.7,6,25,28,69
,2.161072296,0.910967206,0.279820965,0.325534558,1.61,3.02,concrete,0.4,10,0.5499,0.7,6,25,28,46
,2.237509448,0.971661838,0.379670605,0.347223813,1.62,3.0375,concrete,0.4,10,0.5499,0.7,6,25,28,63
,2.192133115,0.878358058,0.27585612,0.283073529,1.6125,3.0225,concrete,0.4,10,0.5499,0.7,6,25,28,37
,2.270639742,0.936880054,0.374130933,0.301933751,1.625,3.045,concrete,0.4,10,0.5499,0.7,6,25,28,49
,2.059515852,0.893216641,0.188731349,0.353021047,1.61,3.015,concrete,0.4,10,0.5499,0.7,6,25,28,17
,2.124834675,0.949011213,0.284593123,0.375072426,1.615,3.025,concrete,0.4,10,0.5499,0.7,6,25,28,36
,2.198857437,1.012240587,0.386344541,0.40006222,1.6225,3.04,concrete,0.4,10,0.5499,0.7,6,25,28,51
,2.381043614,1.16786188,0.60982955,0.461567558,1.6375,3.0625,concrete,0.4,10,0.5499,0.7,6,25,28,63
,2.059515852,0.893216641,0.188731349,0.353021047,1.6,3.0025,concrete,0.4,10,0.5499,0.7,6,25,56,23
,2.124834675,0.949011213,0.284593123,0.375072426,1.6075,3.015,concrete,0.4,10,0.5499,0.7,6,25,56,43
,2.198857437,1.012240587,0.386344541,0.40006222,1.615,3.03,concrete,0.4,10,0.5499,0.7,6,25,56,58
,2.381043614,1.16786188,0.60982955,0.461567558,1.63,3.05,concrete,0.4,10,0.5499,0.7,6,25,56,64
,2.124834675,0.949011213,0.284593123,0.375072426,1.6075,3.015,concrete,0.4,12,0.5499,0.7,6,25,56,52
,2.198857437,1.012240587,0.386344541,0.40006222,1.615,3.03,concrete,0.4,12,0.5499,0.7,6,25,56,67
,2.124834675,0.949011213,0.284593123,0.375072426,1.61,3.02,concrete,0.4,14,0.5499,0.7,6,25,56,58
,2.198857437,1.012240587,0.386344541,0.40006222,1.6175,3.035,concrete,0.4,14,0.5499,0.7,6,25,56,66
,2.059515852,0.893216641,0.188731349,0.353021047,1.61,3.0125,concrete,0.4,10,0.5499,0.7,6,25,56,28
,2.124834675,0.949011213,0.284593123,0.375072426,1.615,3.03,concrete,0.4,10,0.5499,0.7,6,25,56,49
,2.198857437,1.012240587,0.386344541,0.40006222,1.6225,3.04,concrete,0.4,10,0.5499,0.7,6,25,56,64
,2.381043614,1.16786188,0.60982955,0.461567558,1.6375,3.0625,concrete,0.4,10,0.5499,0.7,6,25,56,74
,2.161072296,0.910967206,0.279820965,0.325534558,1.61,3.02,concrete,0.4,10,0.5499,0.7,6,25,56,49
,2.237509448,0.971661838,0.379670605,0.347223813,1.62,3.0375,concrete,0.4,10,0.5499,0.7,6,25,56,68
,2.192133115,0.878358058,0.27585612,0.283073529,1.6125,3.0225,concrete,0.4,10,0.5499,0.7,6,25,56,41
,2.270639742,0.936880054,0.374130933,0.301933751,1.625,3.045,concrete,0.4,10,0.5499,0.7,6,25,56,54
,2.059515852,0.893216641,0.188731349,0.353021047,1.61,3.015,concrete,0.4,10,0.5499,0.7,6,25,56,19
,2.124834675,0.949011213,0.284593123,0.375072426,1.615,3.025,concrete,0.4,10,0.5499,0.7,6,25,56,39
,2.198857437,1.012240587,0.386344541,0.40006222,1.6225,3.04,concrete,0.4,10,0.5499,0.7,6,25,56,56
,2.381043614,1.16786188,0.60982955,0.461567558,1.6375,3.0625,concrete,0.4,10,0.5499,0.7,6,25,56,67
,2.059515852,0.893216641,0.188731349,0.353021047,1.6,3.0025,concrete,0.4,10,0.5499,0.7,6,25,90,25
,2.124834675,0.949011213,0.284593123,0.375072426,1.6075,3.015,concrete,0.4,10,0.5499,0.7,6,25,90,45
,2.198857437,1.012240587,0.386344541,0.40006222,1.615,3.03,concrete,0.4,10,0.5499,0.7,6,25,90,62
,2.381043614,1.16786188,0.60982955,0.461567558,1.63,3.05,concrete,0.4,10,0.5499,0.7,6,25,90,69
,2.124834675,0.949011213,0.284593123,0.375072426,1.6075,3.015,concrete,0.4,12,0.5499,0.7,6,25,90,54
,2.198857437,1.012240587,0.386344541,0.40006222,1.615,3.03,concrete,0.4,12,0.5499,0.7,6,25,90,69
,2.124834675,0.949011213,0.284593123,0.375072426,1.61,3.02,concrete,0.4,14,0.5499,0.7,6,25,90,59
,2.198857437,1.012240587,0.386344541,0.40006222,1.6175,3.035,concrete,0.4,14,0.5499,0.7,6,25,90,69
,2.059515852,0.893216641,0.188731349,0.353021047,1.61,3.0125,concrete,0.4,10,0.5499,0.7,6,25,90,29
,2.124834675,0.949011213,0.284593123,0.375072426,1.615,3.03,concrete,0.4,10,0.5499,0.7,6,25,90,50
,2.198857437,1.012240587,0.386344541,0.40006222,1.6225,3.04,concrete,0.4,10,0.5499,0.7,6,25,90,67
,2.381043614,1.16786188,0.60982955,0.461567558,1.6375,3.0625,concrete,0.4,10,0.5499,0.7,6,25,90,76
,2.161072296,0.910967206,0.279820965,0.325534558,1.61,3.02,concrete,0.4,10,0.5499,0.7,6,25,90,50
,2.237509448,0.971661838,0.379670605,0.347223813,1.62,3.0375,concrete,0.4,10,0.5499,0.7,6,25,90,70
,2.192133115,0.878358058,0.27585612,0.283073529,1.6125,3.0225,concrete,0.4,10,0.5499,0.7,6,25,90,42
,2.270639742,0.936880054,0.374130933,0.301933751,1.625,3.045,concrete,0.4,10,0.5499,0.7,6,25,90,55
,2.059515852,0.893216641,0.188731349,0.353021047,1.61,3.015,concrete,0.4,10,0.5499,0.7,6,25,90,20
,2.124834675,0.949011213,0.284593123,0.375072426,1.615,3.025,concrete,0.4,10,0.5499,0.7,6,25,90,41
,2.198857437,1.012240587,0.386344541,0.40006222,1.6225,3.04,concrete,0.4,10,0.5499,0.7,6,25,90,59
,2.381043614,1.16786188,0.60982955,0.461567558,1.6375,3.0625,concrete,0.4,10,0.5499,0.7,6,25,90,69
Fracture properties of slag/fly ash-based geopolymer concrete cured in ambient temperature,1.956658511,0.274178343,0.566258355,0.0739395,1.79,2.685,concrete,0.1625,14,0.59,0.9,0,21,28,31.7
,2.083939121,0.363496921,0.531673031,0.098586,1.78,2.67,concrete,0.215,14,0.59,0.9,0,21,28,49.3
,2.218290875,0.455926804,0.499472022,0.123232501,1.77,2.655,concrete,0.27,14,0.59,0.9,0,21,28,58.2
,1.999085381,0.40389647,0.554240574,0.156094501,1.78,2.67,concrete,0.2025,14,0.59,0.9,0,21,28,44.4
,2.43749637,0.519062167,0.454554207,0.098586,1.76,2.64,concrete,0.34,14,0.59,0.9,0,21,28,65
,2.218290875,0.455926804,0.499472022,0.123232501,1.79,2.685,concrete,0.27,14,0.59,0.9,0,21,28,65.7
,2.218290875,0.455926804,0.499472022,0.123232501,1.75,2.625,concrete,0.27,14,0.59,0.9,0,21,28,42.3
,2.384754611,0.452866228,0.849208814,0.122824342,1.78,2.67,concrete,0.215,14,0.59,0.9,0,21,28,52.1
,2.881709931,0.600506738,1.228562743,0.162866737,1.78,2.67,concrete,0.215,14,0.59,0.9,0,21,28,63.1
"Effect of activator concentration on the strength, ITZ and drying shrinkage of fly ash/slag geopolymer concrete",2.555269634,0.825000977,0.30798948,0.351266609,1.650444444,2.351555556,concrete,0.3528,12,0.65,0.6,6.7,20,28,29
,2.679393676,0.96250114,0.293721737,0.409811044,1.650444444,2.351555556,concrete,0.4116,14,0.65,0.6,6.7,20,28,31
,2.803517718,1.100001302,0.280717386,0.468355479,1.650444444,2.351555556,concrete,0.4704,16,0.65,0.6,6.7,20,28,35
Creep and drying shrinkage of a blended slag and low calcium fly ash geopolymer Concrete,3.206836531,1.528487241,0.145799663,0.545054072,2.467523446,3.975686002,concrete,0.54914901,12,0.559,0.6,0,40,1,18.7
,3.206836531,1.528487241,0.145799663,0.545054072,2.467523446,3.975686002,concrete,0.54914901,12,0.559,0.6,0,40,3,23.7
,3.206836531,1.528487241,0.145799663,0.545054072,2.467523446,3.975686002,concrete,0.54914901,12,0.559,0.6,0,80,1,36.2
,3.206836531,1.528487241,0.145799663,0.545054072,2.467523446,3.975686002,concrete,0.54914901,12,0.559,0.6,0,40,7,58.5
Uniaxial compressive behaviors of fly ash/slag-based geopolymeric concrete with recycled aggregates,2.810956804,2.083737102,0.031827997,1.315213533,1.30952381,2.904761905,concrete,0.55,12,0.559,1,0,23,28,26.1
,2.820796398,2.176226739,0.118561699,1.373591157,1.30952381,2.904761905,concrete,0.55,12,0.559,1,0,23,28,43.5
,2.831550053,2.277308308,0.212663237,1.43739184,1.30952381,2.904761905,concrete,0.55,12,0.559,1,0,23,28,47
,2.843351341,2.388237366,0.315113076,1.507408061,1.30952381,2.904761905,concrete,0.55,12,0.559,1,0,23,28,52.3
Workability and mechanical properties of alkali-activated fly ash-slag concrete cured at ambient temperature,2.439826161,1.069946122,0.155145112,0.423571884,1.61,2.9925,concrete,0.4,10,0.5393,0.6,4,20,7,12.1
,2.474182129,1.098037068,0.194838623,0.43469257,1.615,3,concrete,0.4,10,0.5393,0.6,4,20,7,15
,2.510390738,1.127642814,0.235496689,0.446412937,1.62,3.0075,concrete,0.4,10,0.5393,0.6,4,20,7,26.3
,2.548605996,1.158889284,0.277154901,0.458782837,1.625,3.0175,concrete,0.4,10,0.5393,0.6,4,20,7,31.1
,2.588999466,1.191916756,0.319850623,0.471857802,1.63,3.025,concrete,0.4,10,0.5393,0.6,4,20,7,36
,2.439826161,1.069946122,0.155145112,0.423571884,1.61,2.9925,concrete,0.4,10,0.5393,0.6,4,20,14,16.1
,2.474182129,1.098037068,0.194838623,0.43469257,1.615,3,concrete,0.4,10,0.5393,0.6,4,20,14,22.3
,2.510390738,1.127642814,0.235496689,0.446412937,1.62,3.0075,concrete,0.4,10,0.5393,0.6,4,20,14,30.8
,2.548605996,1.158889284,0.277154901,0.458782837,1.625,3.0175,concrete,0.4,10,0.5393,0.6,4,20,14,36.7
,2.588999466,1.191916756,0.319850623,0.471857802,1.63,3.025,concrete,0.4,10,0.5393,0.6,4,20,14,47.1
,2.439826161,1.069946122,0.155145112,0.423571884,1.61,2.9925,concrete,0.4,10,0.5393,0.6,4,20,28,21.2
,2.474182129,1.098037068,0.194838623,0.43469257,1.615,3,concrete,0.4,10,0.5393,0.6,4,20,28,28
,2.510390738,1.127642814,0.235496689,0.446412937,1.62,3.0075,concrete,0.4,10,0.5393,0.6,4,20,28,39.9
,2.548605996,1.158889284,0.277154901,0.458782837,1.625,3.0175,concrete,0.4,10,0.5393,0.6,4,20,28,45
,2.588999466,1.191916756,0.319850623,0.471857802,1.63,3.025,concrete,0.4,10,0.5393,0.6,4,20,28,55.1
,2.439826161,1.069946122,0.155145112,0.423571884,1.61,2.9925,concrete,0.4,10,0.5393,0.6,4,20,1,5
,2.474182129,1.098037068,0.194838623,0.43469257,1.615,3,concrete,0.4,10,0.5393,0.6,4,20,1,9.5
,2.510390738,1.127642814,0.235496689,0.446412937,1.62,3.0075,concrete,0.4,10,0.5393,0.6,4,20,1,12.5
,2.548605996,1.158889284,0.277154901,0.458782837,1.625,3.0175,concrete,0.4,10,0.5393,0.6,4,20,1,15
,2.588999466,1.191916756,0.319850623,0.471857802,1.63,3.025,concrete,0.4,10,0.5393,0.6,4,20,1,16.2
,2.474182129,1.098037068,0.194838623,0.43469257,1.615,3,concrete,0.4,12,0.5393,0.6,4,20,1,12.995338
,2.510390738,1.127642814,0.235496689,0.446412937,1.62,3.0075,concrete,0.4,12,0.5393,0.6,4,20,1,18.54312354
,2.548605996,1.158889284,0.277154901,0.458782837,1.645,3.055,concrete,0.4,12,0.5393,0.6,4,20,1,25.7016317
,2.474182129,1.098037068,0.194838623,0.43469257,1.615,3,concrete,0.4,12,0.5393,0.6,4,20,7,21.92773893
,2.510390738,1.127642814,0.235496689,0.446412937,1.62,3.0075,concrete,0.4,12,0.5393,0.6,4,20,7,29.92307692
,2.548605996,1.158889284,0.277154901,0.458782837,1.645,3.055,concrete,0.4,12,0.5393,0.6,4,20,7,39.50815851
,2.474182129,1.098037068,0.194838623,0.43469257,1.615,3,concrete,0.4,12,0.5393,0.6,4,20,14,28.8018648
,2.510390738,1.127642814,0.235496689,0.446412937,1.62,3.0075,concrete,0.4,12,0.5393,0.6,4,20,14,38.01864802
,2.548605996,1.158889284,0.277154901,0.458782837,1.645,3.055,concrete,0.4,12,0.5393,0.6,4,20,14,46.17715618
,2.474182129,1.098037068,0.194838623,0.43469257,1.615,3,concrete,0.4,12,0.5393,0.6,4,20,28,35.61305361
,2.510390738,1.127642814,0.235496689,0.446412937,1.62,3.0075,concrete,0.4,12,0.5393,0.6,4,20,28,44.70862471
,2.548605996,1.158889284,0.277154901,0.458782837,1.645,3.055,concrete,0.4,12,0.5393,0.6,4,20,28,56.78321678
,2.390035978,0.964729825,0.201698319,0.38548209,1.6275,3.0225,concrete,0.35,10,0.5393,0.6,4,20,1,10.9
,2.423975803,0.990741284,0.243892165,0.395875624,1.6525,3.0675,concrete,0.35,10,0.5393,0.6,4,20,1,14.5
,2.459796542,1.018194274,0.28716141,0.406845157,1.6775,3.115,concrete,0.35,10,0.5393,0.6,4,20,1,21.2
,2.390035978,0.964729825,0.201698319,0.38548209,1.6275,3.0225,concrete,0.35,10,0.5393,0.6,4,20,7,21.4
,2.423975803,0.990741284,0.243892165,0.395875624,1.6525,3.0675,concrete,0.35,10,0.5393,0.6,4,20,7,29.30669546
,2.459796542,1.018194274,0.28716141,0.406845157,1.6775,3.115,concrete,0.35,10,0.5393,0.6,4,20,7,36.30453564
,2.390035978,0.964729825,0.201698319,0.38548209,1.6275,3.0225,concrete,0.35,10,0.5393,0.6,4,20,14,28.91792657
,2.423975803,0.990741284,0.243892165,0.395875624,1.6525,3.0675,concrete,0.35,10,0.5393,0.6,4,20,14,37.21166307
,2.459796542,1.018194274,0.28716141,0.406845157,1.6775,3.115,concrete,0.35,10,0.5393,0.6,4,20,14,44.07991361
,2.390035978,0.964729825,0.201698319,0.38548209,1.6275,3.0225,concrete,0.35,10,0.5393,0.6,4,20,28,31.02807775
,2.423975803,0.990741284,0.243892165,0.395875624,1.6525,3.0675,concrete,0.35,10,0.5393,0.6,4,20,28,41.56155508
,2.459796542,1.018194274,0.28716141,0.406845157,1.6775,3.115,concrete,0.35,10,0.5393,0.6,4,20,28,48.07775378
,2.408067296,1.167511133,0.200188026,0.524911782,1.5925,2.96,concrete,0.4,10,0.5393,0.6,4,20,1,2.686746988
,2.593010723,1.112228396,0.272408686,0.398188877,1.6475,3.0575,concrete,0.4,10,0.5393,0.6,4,20,1,19.02409639
,2.408067296,1.167511133,0.200188026,0.524911782,1.5925,2.96,concrete,0.4,10,0.5393,0.6,4,20,7,17.81927711
,2.593010723,1.112228396,0.272408686,0.398188877,1.6475,3.0575,concrete,0.4,10,0.5393,0.6,4,20,7,31.91566265
,2.408067296,1.167511133,0.200188026,0.524911782,1.5925,2.96,concrete,0.4,10,0.5393,0.6,4,20,14,23.08433735
,2.593010723,1.112228396,0.272408686,0.398188877,1.6475,3.0575,concrete,0.4,10,0.5393,0.6,4,20,14,36.14457831
,2.408067296,1.167511133,0.200188026,0.524911782,1.5925,2.96,concrete,0.4,10,0.5393,0.6,4,20,28,31.31325301
,2.593010723,1.112228396,0.272408686,0.398188877,1.6475,3.0575,concrete,0.4,10,0.5393,0.6,4,20,28,43.4939759
Development of Fly Ash- and Slag-Based Geopolymer Concrete with Calcium Carbonate or Microsilica,2.875848769,1.246989542,0.652924457,0.521684486,1.111111111,2.539351852,concrete,0.444425926,12,0.6,0.95,7,21,28,48
,2.841710803,1.208116414,0.660768152,0.50545092,1.466666667,3.35,concrete,0.430555556,12,0.6,0.95,7,21,28,39.7
Investigation on dynamic mechanical properties of fly ash/slag-based geopolymeric recycled aggregate concrete,3.389306917,1.475970568,0.026396879,0.526085413,1.30952381,2.904761905,concrete,0.55,12,0.559,0.7,0,25,28,12.3
,3.424817403,1.541483621,0.097651458,0.549436463,1.30952381,2.904761905,concrete,0.55,12,0.559,0.7,0,25,28,31.2
,3.463626678,1.613082588,0.17385436,0.574956736,1.30952381,2.904761905,concrete,0.55,12,0.559,0.7,0,25,28,36.3
,3.506216799,1.691656811,0.255539585,0.602963224,1.30952381,2.904761905,concrete,0.55,12,0.559,0.7,0,25,28,41
The Study on the Whole StressStrain Curves of Coral Fly Ash-Slag Alkali-Activated Concrete under Uniaxial Compression,2.598877359,1.238650838,0.562471026,0.455908127,2.411111111,1.680555556,concrete,0.427777778,14,0.565,0.525,2.1,25,30,31.97
,2.513491319,1.1183611,0.580961235,0.412479248,1.905191874,1.198645598,concrete,0.386004515,14,0.565,0.525,3.3,25,30,41.96
,2.356212747,0.893245801,0.620399501,0.330102425,1.398230088,0.817699115,concrete,0.307964602,14,0.565,0.525,4.8,25,30,55.13
Investigation on Performance Enhancement of Fly ash-GGBFS Based Graphene Geopolymer Concrete,2.773229402,1.082977171,0.144396974,0.38597496,1.50007375,3.000024583,concrete,0.3999705,8,0.559,0.6,0,21,28,39.53
,2.830752995,1.145285961,0.238329405,0.408181922,1.50007375,3.000024583,concrete,0.3999705,8,0.559,0.6,0,21,28,42.36
,2.895307606,1.215219394,0.339266247,0.43310632,1.500110628,3.000098336,concrete,0.399980333,8,0.559,0.6,0,21,28,46.51
,2.773229402,1.082977171,0.144396974,0.38597496,1.50007375,3.000024583,concrete,0.3999705,8,0.559,0.6,0,21,3,15.46
,2.830752995,1.145285961,0.238329405,0.408181922,1.50007375,3.000024583,concrete,0.3999705,8,0.559,0.6,0,21,3,18.25
,2.895307606,1.215219394,0.339266247,0.43310632,1.500110628,3.000098336,concrete,0.399980333,8,0.559,0.6,0,21,3,21.34
,2.773229402,1.082977171,0.144396974,0.38597496,1.50007375,3.000024583,concrete,0.3999705,8,0.559,0.6,0,21,7,28.18
,2.830752995,1.145285961,0.238329405,0.408181922,1.50007375,3.000024583,concrete,0.3999705,8,0.559,0.6,0,21,7,30.45
,2.895307606,1.215219394,0.339266247,0.43310632,1.500110628,3.000098336,concrete,0.399980333,8,0.559,0.6,0,21,7,34.18
,2.773229402,1.082977171,0.144396974,0.38597496,1.50007375,3.000024583,concrete,0.3999705,8,0.559,0.6,0,21,60,42.12
,2.830752995,1.145285961,0.238329405,0.408181922,1.50007375,3.000024583,concrete,0.3999705,8,0.559,0.6,0,21,60,44.36
,2.895307606,1.215219394,0.339266247,0.43310632,1.500110628,3.000098336,concrete,0.399980333,8,0.559,0.6,0,21,60,48.26
Influence of steel and PP fibers on mechanical and microstructural properties of fly ash-GGBFS based geopolymer composites,3.026086848,1.007824451,0.324615967,0.433188412,2.5,0,concrete,0.400004279,8,0.645,0.68,0,29.5,28,54.3
Properties of slag geopolymer concrete modified with fly ash and silica fume,4.569055339,2.339832984,1.188286934,0.987574743,2.145,2.145,concrete,0.4,16,0.55,0.6,0,70,28,44.8
,4.117017834,2.015936666,1.02389606,0.850867625,2.1325,2.1325,concrete,0.4,16,0.55,0.6,0,70,28,40.5
,3.774911383,1.770808731,0.873310212,0.747406327,2.1175,2.1175,concrete,0.4,16,0.55,0.6,0,70,28,38.2
,3.506982244,1.578830719,0.734860511,0.66637805,2.1025,2.1025,concrete,0.4,16,0.55,0.6,0,70,28,32.5
,3.291464814,1.424407023,0.607136656,0.601200346,2.0875,2.0875,concrete,0.4,16,0.55,0.6,0,70,28,29.4
,4.569055339,2.339832984,1.188286934,0.987574743,2.2075,2.2075,concrete,0.4,16,0.55,0.6,0,21,28,64.9
,4.117017834,2.015936666,1.02389606,0.850867625,2.195,2.195,concrete,0.4,16,0.55,0.6,0,21,28,58
,3.774911383,1.770808731,0.873310212,0.747406327,2.18,2.18,concrete,0.4,16,0.55,0.6,0,21,28,57
,3.506982244,1.578830719,0.734860511,0.66637805,2.165,2.165,concrete,0.4,16,0.55,0.6,0,21,28,56
,3.291464814,1.424407023,0.607136656,0.601200346,2.15,2.15,concrete,0.4,16,0.55,0.6,0,21,28,53
,4.569055339,2.339832984,1.188286934,0.987574743,2.145,2.145,concrete,0.4,16,0.55,0.6,0,70,7,43.3
,4.117017834,2.015936666,1.02389606,0.850867625,2.1325,2.1325,concrete,0.4,16,0.55,0.6,0,70,7,25
,3.774911383,1.770808731,0.873310212,0.747406327,2.1175,2.1175,concrete,0.4,16,0.55,0.6,0,70,7,24.2
,3.506982244,1.578830719,0.734860511,0.66637805,2.1025,2.1025,concrete,0.4,16,0.55,0.6,0,70,7,26.9
,3.291464814,1.424407023,0.607136656,0.601200346,2.0875,2.0875,concrete,0.4,16,0.55,0.6,0,70,7,20.9
,4.569055339,2.339832984,1.188286934,0.987574743,2.2075,2.2075,concrete,0.4,16,0.55,0.6,0,21,7,61.6
,4.117017834,2.015936666,1.02389606,0.850867625,2.195,2.195,concrete,0.4,16,0.55,0.6,0,21,7,51
,3.774911383,1.770808731,0.873310212,0.747406327,2.18,2.18,concrete,0.4,16,0.55,0.6,0,21,7,47
,3.506982244,1.578830719,0.734860511,0.66637805,2.165,2.165,concrete,0.4,16,0.55,0.6,0,21,7,49
,3.291464814,1.424407023,0.607136656,0.601200346,2.15,2.15,concrete,0.4,16,0.55,0.6,0,21,7,47
,4.569055339,2.339832984,1.188286934,0.987574743,2.145,2.145,concrete,0.4,16,0.55,0.6,0,21,28,46.9
,3.506982244,1.578830719,0.734860511,0.66637805,2.1025,2.1025,concrete,0.4,16,0.55,0.6,0,21,28,33.9
,3.291464814,1.424407023,0.607136656,0.601200346,2.0875,2.0875,concrete,0.4,16,0.55,0.6,0,21,28,31.8
,4.569055339,2.339832984,1.188286934,0.987574743,2.145,2.145,concrete,0.4,16,0.55,0.6,0,21,7,46.3
,3.506982244,1.578830719,0.734860511,0.66637805,2.1025,2.1025,concrete,0.4,16,0.55,0.6,0,21,7,28.6
,3.291464814,1.424407023,0.607136656,0.601200346,2.0875,2.0875,concrete,0.4,16,0.55,0.6,0,21,7,17.6
,3.506982244,1.578830719,0.734860511,0.66637805,2.165,2.165,concrete,0.4,10,0.55,0.6,0,70,28,55.6
,3.291464814,1.424407023,0.607136656,0.601200346,2.15,2.15,concrete,0.4,10,0.55,0.6,0,70,28,52.9
,3.506982244,1.578830719,0.734860511,0.66637805,2.165,2.165,concrete,0.4,10,0.55,0.6,0,70,7,46.6
,3.291464814,1.424407023,0.607136656,0.601200346,2.15,2.15,concrete,0.4,10,0.55,0.6,0,70,7,39.3
,4.569055339,2.339832984,1.188286934,0.987574743,2.2075,2.2075,concrete,0.4,16,0.55,0.6,0,70,28,57.4
,4.569055339,2.339832984,1.188286934,0.987574743,2.32,2.32,concrete,0.4,16,0.55,0.6,0,21,28,63
,3.506982244,1.578830719,0.734860511,0.66637805,2.2775,2.2775,concrete,0.4,16,0.55,0.6,0,21,28,63.3
,4.569055339,2.339832984,1.188286934,0.987574743,2.2075,2.2075,concrete,0.4,16,0.55,0.6,0,70,7,53.3
,4.569055339,2.339832984,1.188286934,0.987574743,2.32,2.32,concrete,0.4,16,0.55,0.6,0,21,7,58
,3.506982244,1.578830719,0.734860511,0.66637805,2.2775,2.2775,concrete,0.4,16,0.55,0.6,0,21,7,58.2
,4.569055339,2.339832984,1.188286934,0.987574743,2.32,2.32,concrete,0.4,18,0.55,0.6,0,21,28,69
,4.569055339,2.339832984,1.188286934,0.987574743,2.205,2.205,concrete,0.4,18,0.55,0.6,0,21,28,67
,4.569055339,2.339832984,1.188286934,0.987574743,2.2075,2.2075,concrete,0.4,10,0.55,0.6,0,21,28,59.1
,4.569055339,2.339832984,1.188286934,0.987574743,2.2325,2.2325,concrete,0.4,10,0.55,0.6,0,21,28,74.8
,4.117017834,2.015936666,1.02389606,0.850867625,2.22,2.22,concrete,0.4,16,0.55,0.6,0,21,28,68
,3.774911383,1.770808731,0.873310212,0.747406327,2.205,2.205,concrete,0.4,16,0.55,0.6,0,21,28,62
,3.506982244,1.578830719,0.734860511,0.66637805,2.19,2.19,concrete,0.4,16,0.55,0.6,0,21,28,61.8
,3.291464814,1.424407023,0.607136656,0.601200346,2.175,2.175,concrete,0.4,16,0.55,0.6,0,70,28,58.2
,4.569055339,2.339832984,1.188286934,0.987574743,2.2325,2.2325,concrete,0.4,16,0.55,0.6,0,70,28,71
,4.117017834,2.015936666,1.02389606,0.850867625,2.22,2.22,concrete,0.4,16,0.55,0.6,0,70,28,64
,4.569055339,2.339832984,1.188286934,0.987574743,2.32,2.32,concrete,0.4,18,0.55,0.6,0,21,7,67.6
,4.569055339,2.339832984,1.188286934,0.987574743,2.205,2.205,concrete,0.4,18,0.55,0.6,0,21,7,65
,4.569055339,2.339832984,1.188286934,0.987574743,2.2075,2.2075,concrete,0.4,10,0.55,0.6,0,21,7,54.6
,4.569055339,2.339832984,1.188286934,0.987574743,2.2325,2.2325,concrete,0.4,10,0.55,0.6,0,21,7,70
Physical-mechanical properties of fly ash/GGBFS geopolymer composites with recycled aggregates,3.389306917,1.475970568,0.026396879,0.526085413,1.30952381,2.904761905,concrete,0.55,12,0.559,0.6,0,25,28,26.1
,3.424817403,1.541483621,0.097651458,0.549436463,1.30952381,2.904761905,concrete,0.55,12,0.559,0.6,0,25,28,43.5
,3.463626678,1.613082588,0.17385436,0.574956736,1.30952381,2.904761905,concrete,0.55,12,0.559,0.6,0,25,28,47
,3.506216799,1.691656811,0.255539585,0.602963224,1.30952381,2.904761905,concrete,0.55,12,0.559,0.6,0,25,28,52.3
,3.389306917,1.475970568,0.026396879,0.526085413,1.30952381,2.904761905,concrete,0.55,12,0.559,0.6,0,25,3,20.2
,3.424817403,1.541483621,0.097651458,0.549436463,1.30952381,2.904761905,concrete,0.55,12,0.559,0.6,0,25,3,36.6
,3.463626678,1.613082588,0.17385436,0.574956736,1.30952381,2.904761905,concrete,0.55,12,0.559,0.6,0,25,3,41
,3.506216799,1.691656811,0.255539585,0.602963224,1.30952381,2.904761905,concrete,0.55,12,0.559,0.6,0,25,3,45.4
,3.389306917,1.475970568,0.026396879,0.526085413,1.30952381,2.904761905,concrete,0.55,12,0.559,0.6,0,25,7,23.7
,3.424817403,1.541483621,0.097651458,0.549436463,1.30952381,2.904761905,concrete,0.55,12,0.559,0.6,0,25,7,41.7
,3.463626678,1.613082588,0.17385436,0.574956736,1.30952381,2.904761905,concrete,0.55,12,0.559,0.6,0,25,7,45.3
,3.506216799,1.691656811,0.255539585,0.602963224,1.30952381,2.904761905,concrete,0.55,12,0.559,0.6,0,25,7,51
Binding mechanism and properties of alkali-activated fly ash/slag mortars,2.533572025,1.070499732,0.284718953,0.45603608,0,0,mortar,0.4,10,0.564,0.5,4,20,1,18.91
,2.533572025,1.070499732,0.284718953,0.45603608,0,0,mortar,0.4,10,0.564,0.5,4,20,3,27.1
,2.533572025,1.070499732,0.284718953,0.45603608,0,0,mortar,0.4,10,0.564,0.5,4,20,7,39.91
,2.533572025,1.070499732,0.284718953,0.45603608,0,0,mortar,0.4,10,0.564,0.5,4,20,14,45
,2.533572025,1.070499732,0.284718953,0.45603608,0,0,mortar,0.4,10,0.564,0.5,4,20,28,53.4
Binding mechanism and properties of alkali-activated fly ash/slag mortars,2.847368845,0.452934763,0.065755491,0.10025194,2.751893939,0,mortar,0.162310606,10,0.56,0.8,0,25,7,12.3
,2.840676594,0.502190955,0.367334021,0.111154236,2.751893939,0,mortar,0.162310606,10,0.56,0.8,0,25,7,20
,2.835343246,0.541445376,0.608694546,0.119842754,2.751893939,0,mortar,0.162310606,10,0.56,0.8,0,25,7,53
,2.829105422,0.587356906,0.892141697,0.130004747,2.751893939,0,mortar,0.162310606,10,0.56,0.8,0,25,7,56
,2.81747614,0.672950553,1.423928134,0.148949924,2.751893939,0,mortar,0.162310606,10,0.56,0.8,0,25,7,56
,3.02126841,0.587390923,0.061970706,0.096241862,2.641818182,0,mortar,0.221636364,10,0.56,0.8,0,25,7,17.5
,3.033487559,0.651269085,0.343985968,0.106708066,2.641818182,0,mortar,0.221636364,10,0.56,0.8,0,25,7,65.7
,3.043225536,0.702176395,0.567114711,0.115049043,2.641818182,0,mortar,0.221636364,10,0.56,0.8,0,25,7,82.5
,3.054614963,0.761717014,0.82627858,0.124804557,2.641818182,0,mortar,0.221636364,10,0.56,0.8,0,25,7,83.5
,3.075848467,0.872719603,1.304317682,0.142991927,2.641818182,0,mortar,0.221636364,10,0.56,0.8,0,25,7,94.6
,2.847368845,0.452934763,0.065755491,0.10025194,2.751893939,0,mortar,0.162310606,10,0.56,0.8,0,25,14,15.2
,2.840676594,0.502190955,0.367334021,0.111154236,2.751893939,0,mortar,0.162310606,10,0.56,0.8,0,25,14,27.9
,2.835343246,0.541445376,0.608694546,0.119842754,2.751893939,0,mortar,0.162310606,10,0.56,0.8,0,25,14,61.2
,2.829105422,0.587356906,0.892141697,0.130004747,2.751893939,0,mortar,0.162310606,10,0.56,0.8,0,25,14,61.3
,2.81747614,0.672950553,1.423928134,0.148949924,2.751893939,0,mortar,0.162310606,10,0.56,0.8,0,25,14,61.4
,3.02126841,0.587390923,0.061970706,0.096241862,2.641818182,0,mortar,0.221636364,10,0.56,0.8,0,25,14,20
,3.033487559,0.651269085,0.343985968,0.106708066,2.641818182,0,mortar,0.221636364,10,0.56,0.8,0,25,14,67.6
,3.043225536,0.702176395,0.567114711,0.115049043,2.641818182,0,mortar,0.221636364,10,0.56,0.8,0,25,14,83.2
,3.054614963,0.761717014,0.82627858,0.124804557,2.641818182,0,mortar,0.221636364,10,0.56,0.8,0,25,14,97.6
,3.075848467,0.872719603,1.304317682,0.142991927,2.641818182,0,mortar,0.221636364,10,0.56,0.8,0,25,14,101.1
,2.847368845,0.452934763,0.065755491,0.10025194,2.751893939,0,mortar,0.162310606,10,0.56,0.8,0,25,28,18.9
,2.840676594,0.502190955,0.367334021,0.111154236,2.751893939,0,mortar,0.162310606,10,0.56,0.8,0,25,28,29.9
,2.835343246,0.541445376,0.608694546,0.119842754,2.751893939,0,mortar,0.162310606,10,0.56,0.8,0,25,28,60.9
,2.829105422,0.587356906,0.892141697,0.130004747,2.751893939,0,mortar,0.162310606,10,0.56,0.8,0,25,28,67.4
,2.81747614,0.672950553,1.423928134,0.148949924,2.751893939,0,mortar,0.162310606,10,0.56,0.8,0,25,28,86.5
,3.02126841,0.587390923,0.061970706,0.096241862,2.641818182,0,mortar,0.221636364,10,0.56,0.8,0,25,28,22.5
,3.033487559,0.651269085,0.343985968,0.106708066,2.641818182,0,mortar,0.221636364,10,0.56,0.8,0,25,28,69.6
,3.043225536,0.702176395,0.567114711,0.115049043,2.641818182,0,mortar,0.221636364,10,0.56,0.8,0,25,28,92.5
,3.054614963,0.761717014,0.82627858,0.124804557,2.641818182,0,mortar,0.221636364,10,0.56,0.8,0,25,28,105
,3.075848467,0.872719603,1.304317682,0.142991927,2.641818182,0,mortar,0.221636364,10,0.56,0.8,0,25,28,108.9
Effect of ground granulated blast furnace slag and fly ash ratio and the curing conditions on the mechanical properties of geopolymer concrete,2.492824578,1.369091004,0.346810845,0.75091206,1.686419753,3.133333333,concrete,0.4,13,0.63,0.6,0,25,7,9.2
,2.397150347,1.381029813,0.488073009,0.757460197,1.686419753,3.133333333,concrete,0.4,13,0.63,0.6,0,25,7,12.05
,2.299792832,1.393178673,0.64388589,0.764123542,1.686419753,3.133333333,concrete,0.4,13,0.63,0.6,0,25,7,13.45
,2.200707215,1.405543175,0.816619758,0.770905161,1.686419753,3.133333333,concrete,0.4,13,0.63,0.6,0,25,7,15.2
,2.492824578,1.369091004,0.346810845,0.75091206,1.686419753,3.133333333,concrete,0.4,13,0.63,0.6,0,25,14,12.55
,2.397150347,1.381029813,0.488073009,0.757460197,1.686419753,3.133333333,concrete,0.4,13,0.63,0.6,0,25,14,14.7
,2.299792832,1.393178673,0.64388589,0.764123542,1.686419753,3.133333333,concrete,0.4,13,0.63,0.6,0,25,14,16
,2.200707215,1.405543175,0.816619758,0.770905161,1.686419753,3.133333333,concrete,0.4,13,0.63,0.6,0,25,14,19
,2.492824578,1.369091004,0.346810845,0.75091206,1.686419753,3.133333333,concrete,0.4,13,0.63,0.6,0,25,28,16
,2.397150347,1.381029813,0.488073009,0.757460197,1.686419753,3.133333333,concrete,0.4,13,0.63,0.6,0,25,28,17.15
,2.299792832,1.393178673,0.64388589,0.764123542,1.686419753,3.133333333,concrete,0.4,13,0.63,0.6,0,25,28,19.8
,2.200707215,1.405543175,0.816619758,0.770905161,1.686419753,3.133333333,concrete,0.4,13,0.63,0.6,0,25,28,22.05
,2.492824578,1.369091004,0.346810845,0.75091206,1.686419753,3.133333333,concrete,0.4,13,0.63,0.6,0,25,42,17.22
,2.397150347,1.381029813,0.488073009,0.757460197,1.686419753,3.133333333,concrete,0.4,13,0.63,0.6,0,25,42,18.95
,2.299792832,1.393178673,0.64388589,0.764123542,1.686419753,3.133333333,concrete,0.4,13,0.63,0.6,0,25,42,20.98
,2.200707215,1.405543175,0.816619758,0.770905161,1.686419753,3.133333333,concrete,0.4,13,0.63,0.6,0,25,42,23.8
,2.492824578,1.369091004,0.346810845,0.75091206,1.686419753,3.133333333,concrete,0.4,13,0.63,0.6,0,25,56,18
,2.397150347,1.381029813,0.488073009,0.757460197,1.686419753,3.133333333,concrete,0.4,13,0.63,0.6,0,25,56,20
,2.299792832,1.393178673,0.64388589,0.764123542,1.686419753,3.133333333,concrete,0.4,13,0.63,0.6,0,25,56,21.8
,2.200707215,1.405543175,0.816619758,0.770905161,1.686419753,3.133333333,concrete,0.4,13,0.63,0.6,0,25,56,24.13
,2.492824578,1.369091004,0.346810845,0.75091206,1.686419753,3.133333333,concrete,0.4,13,0.63,1,0,80,7,21.5
,2.397150347,1.381029813,0.488073009,0.757460197,1.686419753,3.133333333,concrete,0.4,13,0.63,1,0,80,7,21.7
,2.299792832,1.393178673,0.64388589,0.764123542,1.686419753,3.133333333,concrete,0.4,13,0.63,1,0,80,7,23.9
,2.200707215,1.405543175,0.816619758,0.770905161,1.686419753,3.133333333,concrete,0.4,13,0.63,1,0,80,7,24.34
,2.492824578,1.369091004,0.346810845,0.75091206,1.686419753,3.133333333,concrete,0.4,13,0.63,1,0,80,14,25.1
,2.397150347,1.381029813,0.488073009,0.757460197,1.686419753,3.133333333,concrete,0.4,13,0.63,1,0,80,14,25.25
,2.299792832,1.393178673,0.64388589,0.764123542,1.686419753,3.133333333,concrete,0.4,13,0.63,1,0,80,14,26.44
,2.200707215,1.405543175,0.816619758,0.770905161,1.686419753,3.133333333,concrete,0.4,13,0.63,1,0,80,14,29.1
,2.492824578,1.369091004,0.346810845,0.75091206,1.686419753,3.133333333,concrete,0.4,13,0.63,1,0,80,28,28.32
,2.397150347,1.381029813,0.488073009,0.757460197,1.686419753,3.133333333,concrete,0.4,13,0.63,1,0,80,28,28.37
,2.299792832,1.393178673,0.64388589,0.764123542,1.686419753,3.133333333,concrete,0.4,13,0.63,1,0,80,28,29.5
,2.200707215,1.405543175,0.816619758,0.770905161,1.686419753,3.133333333,concrete,0.4,13,0.63,1,0,80,28,32.06
,2.492824578,1.369091004,0.346810845,0.75091206,1.686419753,3.133333333,concrete,0.4,13,0.63,1,0,80,42,28.7
,2.397150347,1.381029813,0.488073009,0.757460197,1.686419753,3.133333333,concrete,0.4,13,0.63,1,0,80,42,29.1
,2.299792832,1.393178673,0.64388589,0.764123542,1.686419753,3.133333333,concrete,0.4,13,0.63,1,0,80,42,30
,2.200707215,1.405543175,0.816619758,0.770905161,1.686419753,3.133333333,concrete,0.4,13,0.63,1,0,80,42,32.5
,2.492824578,1.369091004,0.346810845,0.75091206,1.686419753,3.133333333,concrete,0.4,13,0.63,1,0,80,56,28.78
,2.397150347,1.381029813,0.488073009,0.757460197,1.686419753,3.133333333,concrete,0.4,13,0.63,1,0,80,56,29.02
,2.299792832,1.393178673,0.64388589,0.764123542,1.686419753,3.133333333,concrete,0.4,13,0.63,1,0,80,56,30.6
,2.200707215,1.405543175,0.816619758,0.770905161,1.686419753,3.133333333,concrete,0.4,13,0.63,1,0,80,56,32.78
Multi-response optimization using Taguchi-Grey relational analysis for composition of fly ash-ground granulated blast furnace slag based geopolymer concrete,2.622856762,1.275871773,0.144704714,0.651439115,1.633573333,3.033786667,concrete,0.465973333,8,0.654,0.6,0,25,7,27.92
,2.754096206,1.332998909,0.13780918,0.647187022,1.484275,2.7565,concrete,0.509225,10,0.654,0.6,0,25,7,27.28
,2.881623496,1.386813397,0.131710385,0.641799918,1.351294118,2.509576471,concrete,0.550894118,12,0.654,0.6,0,25,7,28.02
,3.005892586,1.438367084,0.126265237,0.635895066,1.231933333,2.287888889,concrete,0.591311111,14,0.654,0.6,0,25,7,29.48
,2.905310903,1.276429939,0.221231749,0.564303445,1.372376471,2.548705882,concrete,0.490705882,10,0.654,0.6,0,25,7,32.17
,2.866220373,1.321762442,0.224248986,0.611695148,1.267044444,2.353066667,concrete,0.491,8,0.654,0.6,0,25,7,30.95
,2.983814615,1.603785154,0.215411175,0.778657005,1.596133333,2.964266667,concrete,0.572933333,14,0.654,0.6,0,25,7,32.75
,2.920887446,1.681904452,0.220051962,0.858752714,1.46145,2.714125,concrete,0.574425,12,0.654,0.6,0,25,7,32.39
,2.970591019,1.528596447,0.31818071,0.742151982,1.261022222,2.341888889,concrete,0.5082,12,0.654,0.6,0,25,7,34.32
,2.998861581,1.739506449,0.315181189,0.888163345,1.350611765,2.508258824,concrete,0.552894118,14,0.654,0.6,0,25,7,34.85
,3.078450451,1.43407762,0.307032637,0.633998715,1.482925,2.754,concrete,0.513075,8,0.654,0.6,0,25,7,34.71
,3.121838129,1.596713801,0.302765461,0.738939203,1.603466667,2.977866667,concrete,0.552,10,0.654,0.6,0,25,7,33.99
,3.203897095,1.641212514,0.404610397,0.759532651,1.478725,2.746175,concrete,0.5251,14,0.654,0.6,0,25,7,35.56
,3.262145776,1.596484541,0.397385698,0.705798022,1.611653333,2.993066667,concrete,0.528613333,12,0.654,0.6,0,25,7,35.75
,3.083171735,1.796764905,0.420453412,0.917398569,1.253911111,2.328666667,concrete,0.528533333,10,0.654,0.6,0,25,7,36.61
,3.151365494,1.714661527,0.411355039,0.832488819,1.359458824,2.524705882,concrete,0.527576471,8,0.654,0.6,0,25,7,36.52
,2.622856762,1.275871773,0.144704714,0.651439115,1.633573333,3.033786667,concrete,0.465973333,8,0.654,0.6,0,25,28,32.23
,2.754096206,1.332998909,0.13780918,0.647187022,1.484275,2.7565,concrete,0.509225,10,0.654,0.6,0,25,28,33.46
,2.881623496,1.386813397,0.131710385,0.641799918,1.351294118,2.509576471,concrete,0.550894118,12,0.654,0.6,0,25,28,34.15
,3.005892586,1.438367084,0.126265237,0.635895066,1.231933333,2.287888889,concrete,0.591311111,14,0.654,0.6,0,25,28,33.99
,2.905310903,1.276429939,0.221231749,0.564303445,1.372376471,2.548705882,concrete,0.490705882,10,0.654,0.6,0,25,28,35.03
,2.866220373,1.321762442,0.224248986,0.611695148,1.267044444,2.353066667,concrete,0.491,8,0.654,0.6,0,25,28,34.66
,2.983814615,1.603785154,0.215411175,0.778657005,1.596133333,2.964266667,concrete,0.572933333,14,0.654,0.6,0,25,28,35.94
,2.920887446,1.681904452,0.220051962,0.858752714,1.46145,2.714125,concrete,0.574425,12,0.654,0.6,0,25,28,35.75
,2.970591019,1.528596447,0.31818071,0.742151982,1.261022222,2.341888889,concrete,0.5082,12,0.654,0.6,0,25,28,37.98
,2.998861581,1.739506449,0.315181189,0.888163345,1.350611765,2.508258824,concrete,0.552894118,14,0.654,0.6,0,25,28,37.75
,3.078450451,1.43407762,0.307032637,0.633998715,1.482925,2.754,concrete,0.513075,8,0.654,0.6,0,25,28,36.71
,3.121838129,1.596713801,0.302765461,0.738939203,1.603466667,2.977866667,concrete,0.552,10,0.654,0.6,0,25,28,36.98
,3.203897095,1.641212514,0.404610397,0.759532651,1.478725,2.746175,concrete,0.5251,14,0.654,0.6,0,25,28,37.29
,3.262145776,1.596484541,0.397385698,0.705798022,1.611653333,2.993066667,concrete,0.528613333,12,0.654,0.6,0,25,28,36.65
,3.083171735,1.796764905,0.420453412,0.917398569,1.253911111,2.328666667,concrete,0.528533333,10,0.654,0.6,0,25,28,37.72
,3.151365494,1.714661527,0.411355039,0.832488819,1.359458824,2.524705882,concrete,0.527576471,8,0.654,0.6,0,25,28,37.34
Investigation on modulus of elasticity of fly ash-ground granulated blast furnace slag blended geopolymer concrete,2.616672249,0.98703999,0.057145969,0.35179064,1.498771499,3.001228501,concrete,0.4,8,0.559,0.6,0,25,28,15.46
,2.663471049,1.038361296,0.146691957,0.370082052,1.498771499,3.001228501,concrete,0.4,8,0.559,0.6,0,25,28,17.14
,2.715403391,1.095312234,0.242447582,0.390379919,1.498771499,3.001228501,concrete,0.4,8,0.559,0.6,0,25,28,22.43
,2.773362968,1.158872863,0.345081963,0.413033545,1.498771499,3.001228501,concrete,0.4,8,0.559,0.6,0,25,28,27.58
,2.838463696,1.230264744,0.455363934,0.438478305,1.498771499,3.001228501,concrete,0.4,8,0.559,0.6,0,25,28,31.61
,2.912112001,1.311030216,0.574181339,0.467263903,1.498771499,3.001228501,concrete,0.4,8,0.559,0.6,0,25,28,34
,2.996109578,1.403145084,0.702564988,0.500094537,1.498771499,3.001228501,concrete,0.4,8,0.559,0.6,0,25,28,36.25
,3.092802746,1.50918241,0.841718638,0.53788727,1.498771499,3.001228501,concrete,0.4,8,0.559,0.6,0,25,28,38.24
,2.616672249,0.98703999,0.057145969,0.35179064,1.498771499,3.001228501,concrete,0.4,8,0.559,0.6,0,25,7,2.3
,2.663471049,1.038361296,0.146691957,0.370082052,1.498771499,3.001228501,concrete,0.4,8,0.559,0.6,0,25,7,5
,2.715403391,1.095312234,0.242447582,0.390379919,1.498771499,3.001228501,concrete,0.4,8,0.559,0.6,0,25,7,5.23
,2.773362968,1.158872863,0.345081963,0.413033545,1.498771499,3.001228501,concrete,0.4,8,0.559,0.6,0,25,7,9.1
,2.838463696,1.230264744,0.455363934,0.438478305,1.498771499,3.001228501,concrete,0.4,8,0.559,0.6,0,25,7,10
,2.912112001,1.311030216,0.574181339,0.467263903,1.498771499,3.001228501,concrete,0.4,8,0.559,0.6,0,25,7,12.9
,2.996109578,1.403145084,0.702564988,0.500094537,1.498771499,3.001228501,concrete,0.4,8,0.559,0.6,0,25,7,14.1
,3.092802746,1.50918241,0.841718638,0.53788727,1.498771499,3.001228501,concrete,0.4,8,0.559,0.6,0,25,7,16
,2.616672249,0.98703999,0.057145969,0.35179064,1.498771499,3.001228501,concrete,0.4,8,0.559,0.6,0,25,14,7.5
,2.663471049,1.038361296,0.146691957,0.370082052,1.498771499,3.001228501,concrete,0.4,8,0.559,0.6,0,25,14,10
,2.715403391,1.095312234,0.242447582,0.390379919,1.498771499,3.001228501,concrete,0.4,8,0.559,0.6,0,25,14,12.5
,2.773362968,1.158872863,0.345081963,0.413033545,1.498771499,3.001228501,concrete,0.4,8,0.559,0.6,0,25,14,15.2
,2.838463696,1.230264744,0.455363934,0.438478305,1.498771499,3.001228501,concrete,0.4,8,0.559,0.6,0,25,14,17.6
,2.912112001,1.311030216,0.574181339,0.467263903,1.498771499,3.001228501,concrete,0.4,8,0.559,0.6,0,25,14,21.7
,2.996109578,1.403145084,0.702564988,0.500094537,1.498771499,3.001228501,concrete,0.4,8,0.559,0.6,0,25,14,23
,3.092802746,1.50918241,0.841718638,0.53788727,1.498771499,3.001228501,concrete,0.4,8,0.559,0.6,0,25,14,23.9
,2.616672249,0.98703999,0.057145969,0.35179064,1.498771499,3.001228501,concrete,0.4,8,0.559,0.6,0,25,21,13.2
,2.663471049,1.038361296,0.146691957,0.370082052,1.498771499,3.001228501,concrete,0.4,8,0.559,0.6,0,25,21,14.4
,2.715403391,1.095312234,0.242447582,0.390379919,1.498771499,3.001228501,concrete,0.4,8,0.559,0.6,0,25,21,16
,2.773362968,1.158872863,0.345081963,0.413033545,1.498771499,3.001228501,concrete,0.4,8,0.559,0.6,0,25,21,20.7
,2.838463696,1.230264744,0.455363934,0.438478305,1.498771499,3.001228501,concrete,0.4,8,0.559,0.6,0,25,21,23.3
,2.912112001,1.311030216,0.574181339,0.467263903,1.498771499,3.001228501,concrete,0.4,8,0.559,0.6,0,25,21,27.6
,2.996109578,1.403145084,0.702564988,0.500094537,1.498771499,3.001228501,concrete,0.4,8,0.559,0.6,0,25,21,31.8
,3.092802746,1.50918241,0.841718638,0.53788727,1.498771499,3.001228501,concrete,0.4,8,0.559,0.6,0,25,21,33.2
The effect of high temperature on the design of blast furnace slag and coarse fly ash-based geopolymer mortar,5.138094316,3.428864182,0.206342312,1.595369426,3.002001334,0,mortar,1.000667111,14,0.65,1,0,60,0.208333333,7.1
,5.506491965,3.812094631,0.35820587,1.773677492,3,0,mortar,1,14,0.65,1,0,60,0.208333333,12.5
,5.136068218,3.42634696,0.20631714,1.594198222,3,0,mortar,1,14,0.65,1,0,60,0.208333333,13.6
,6.57027298,4.919882814,0.699183853,2.28910514,3,0,mortar,1,14,0.65,1,0,60,0.208333333,16.8
,5.138094316,3.428864182,0.206342312,1.595369426,3.002001334,0,mortar,1.000667111,14,0.65,1,0,60,1,11.6
,5.506491965,3.812094631,0.35820587,1.773677492,3,0,mortar,1,14,0.65,1,0,60,1,13.1
,5.136068218,3.42634696,0.20631714,1.594198222,3,0,mortar,1,14,0.65,1,0,60,1,14.1
,6.57027298,4.919882814,0.699183853,2.28910514,3,0,mortar,1,14,0.65,1,0,60,1,21.8
,5.138094316,3.428864182,0.206342312,1.595369426,3.002001334,0,mortar,1.000667111,14,0.65,1,0,60,2,15
,5.506491965,3.812094631,0.35820587,1.773677492,3,0,mortar,1,14,0.65,1,0,60,2,16.3
,5.136068218,3.42634696,0.20631714,1.594198222,3,0,mortar,1,14,0.65,1,0,60,2,18.3
,6.57027298,4.919882814,0.699183853,2.28910514,3,0,mortar,1,14,0.65,1,0,60,2,27.1
